Unnamed: 0,dbeta,gene,"J,J","J,CZ","J,ER","J,F1","CZ,J","CZ,CZ","CZ,ER","CZ,F1","ER,J","ER,CZ","ER,ER","ER,F1","F1,J","F1,CZ","F1,ER","F1,F1","J,J_rank","J,CZ_rank","J,ER_rank","J,F1_rank","CZ,J_rank","CZ,CZ_rank","CZ,ER_rank","CZ,F1_rank","ER,J_rank","ER,CZ_rank","ER,ER_rank","ER,F1_rank","F1,J_rank","F1,CZ_rank","F1,ER_rank","F1,F1_rank",train_AUC,test_AUC,logFC,AveExpr,t,P.Value,adj.P.Val,B,Normal_AVG,Tumor_AVG,deltaBeta,CHR,MAPINFO,Strand,Type,feature,cgi,feat.cgi,UCSC_CpG_Islands_Name,DHS,Enhancer,Phantom,Probe_SNPs,Probe_SNPs_10
cg10266490,0.4034024083818783,ACOT11,0.6749999999999998,0.6749999999999998,0.6749999999999998,0.6749999999999998,0.7009,0.7009,0.7009,0.7009,0.23200215516240366,0.23200215516240366,0.23200215516240366,0.23200215516240366,0.8368955223880598,0.8368955223880598,0.8368955223880598,0.8368955223880598,102.0,100.0,91.0,98.0,99.0,99.0,89.0,97.0,96.0,96.0,83.0,94.0,98.0,98.0,87.0,96.0,0.9158268010451661,0.8287999999999999,0.397852777121372,0.609750969389138,24.1214225263042,1.5701973261401e-99,7.403082505912691e-97,216.310290544781,0.256104056392363,0.653956833513735,0.397852777121372,1,55013709,R,II,TSS200,opensea,TSS200-opensea,,,,,,
cg26573704,0.408026455075554,ADAMTS12,0.76,0.76,0.7050000000000001,0.76,0.774,0.774,0.7257,0.774,0.17204650534085253,0.17204650534085253,0.2136000936329383,0.17204650534085253,0.8795454545454545,0.8795454545454545,0.8512609970674486,0.8795454545454545,58.0,58.0,71.5,56.5,57.0,57.0,72.0,55.0,46.0,46.0,71.0,45.0,55.0,55.0,71.0,54.0,0.7371353916706661,0.8332749999999999,0.375576223598088,0.410433405049393,11.4071030422429,3.03156203818651e-28,3.66569708119202e-27,52.8887740221955,0.0765878729622045,0.452164096560292,0.375576223598087,5,33892223,R,II,TSS200,island,TSS200-island,chr5:33892191-33892403,True,,high-CpG:33927847-33928066,,
cg22784954,0.4065454756161215,ADAMTS16,0.6375,0.6375,0.6375,0.6375,0.66415,0.66415,0.66415,0.66415,0.27947495415510853,0.27947495415510853,0.27947495415510853,0.27947495415510853,0.811175572519084,0.811175572519084,0.811175572519084,0.811175572519084,115.0,114.5,102.0,111.5,116.0,116.0,103.0,113.0,119.0,119.0,107.0,116.0,118.0,118.0,105.0,115.0,0.8579693915640163,0.9052750000000002,0.331940133165451,0.493512135301748,10.8733678765946,5.869207489308501e-26,6.21881973497004e-25,47.6674919800243,0.198454239154681,0.530394372320132,0.331940133165451,5,5140646,R,I,1stExon,island,1stExon-island,chr5:5139441-5140941,,,,,
cg19619405,0.4464036345843648,ADAMTS20,0.6025,0.6025,0.6025,0.6025,0.63825,0.63825,0.63825,0.63825,0.29411944852389477,0.29411944852389477,0.29411944852389477,0.29411944852389477,0.7965678627145085,0.7965678627145085,0.7965678627145085,0.7965678627145085,126.0,125.0,113.0,121.0,125.0,124.0,113.0,120.0,124.0,123.0,111.0,120.0,125.0,124.0,112.0,120.0,0.6753586092891803,0.7681499999999999,0.445127075755061,0.510165687858122,19.1247561150116,1.1348926334405701e-68,1.15865672624412e-66,145.491171825147,0.114497176075845,0.559624251830906,0.445127075755062,12,43945892,F,I,TSS200,island,TSS200-island,chr12:43944719-43946285,,,,rs275603,rs71455455
cg14669379,0.4155910243284442,ADORA3,0.74,0.74,0.6775,0.74,0.756,0.756,0.70005,0.756,0.18867962264113208,0.18867962264113208,0.24270609798684498,0.18867962264113208,0.8689655172413793,0.8689655172413793,0.8346348733233978,0.8689655172413793,70.5,69.5,88.5,67.5,70.5,69.5,90.0,67.5,65.5,65.5,93.0,65.5,68.5,68.5,92.0,67.5,0.7847277768890311,0.8761,0.350175891799623,0.547833562170783,16.9637082442632,3.2960487070045497e-56,1.7936778227590202e-54,116.908332281888,0.236566102793341,0.586741994592964,0.350175891799623,1,112058559,F,I,Body,island,Body-island,chr1:112058184-112058590,True,True,,,
cg09651145,0.4094948028646471,AFAP1L1,0.6425000000000001,0.6425000000000001,0.5049999999999999,0.6425000000000001,0.674,0.674,0.5487,0.674,0.2545707170905561,0.2545707170905561,0.3970201506221063,0.2545707170905561,0.8207001522070015,0.8207001522070015,0.7291694352159469,0.8207001522070015,110.0,108.5,130.0,106.5,108.0,108.0,131.0,106.0,104.0,105.0,131.0,103.0,107.0,107.0,131.0,105.0,0.839492347891004,0.8731249999999999,0.405952799307534,0.487918273132541,14.4926740756188,6.24330704068051e-43,1.712455703565e-41,86.4830231471553,0.127071340414733,0.533024139722267,0.405952799307535,5,148651144,R,II,TSS1500,island,TSS1500-island,chr5:148650920-148651772,True,,,,
cg11003133,-0.4056257961685498,AIM2,0.8075000000000001,0.8325,0.7949999999999999,0.8325,0.81545,0.8389499999999999,0.8052,0.8389499999999999,0.14545188207788853,0.12311072252245137,0.1470544116985274,0.12311072252245137,0.9022959889349931,0.9156343792633014,0.8971587743732591,0.9156343792633014,22.5,13.5,21.0,11.5,22.5,13.5,22.0,11.5,28.5,12.5,22.0,10.5,22.5,13.5,22.0,11.5,0.9423292273236282,0.8202499999999999,-0.391306972591948,0.308327782060132,-24.2893021196144,1.33549312738613e-100,6.65866398858823e-98,218.767208962496,0.656156202141863,0.264849229549916,-0.391306972591948,1,159046391,R,II,5'UTR,opensea,5'UTR-opensea,,,,,,
cg08076018,0.4615297879180074,ANGPTL2,0.8425,0.8425,0.8050000000000002,0.8425,0.8452500000000001,0.8452500000000001,0.8140000000000001,0.8452500000000001,0.1389469323159025,0.1389469323159025,0.14150971698084905,0.1389469323159025,0.9175033921302579,0.9175033921302579,0.9019390581717451,0.9175033921302579,11.0,11.0,18.0,9.0,11.0,11.0,18.0,9.0,21.0,22.0,18.0,21.0,12.0,12.0,18.0,10.0,0.9039087079400631,0.8388999999999999,0.384170782465415,0.559022931224019,15.9524320852278,1.23667746912017e-50,5.09942951680241e-49,104.130802310663,0.217537791254762,0.601708573720176,0.384170782465414,9,129885080,F,II,TSS200,opensea,TSS200-opensea,,,,,,
cg21291134,-0.4097797074812878,APCS,0.5950000000000002,0.5950000000000002,0.5950000000000002,0.5950000000000002,0.6171000000000001,0.6171000000000001,0.6171000000000001,0.6171000000000001,0.3461574786134195,0.3461574786134195,0.3461574786134195,0.3461574786134195,0.7737931034482759,0.7737931034482759,0.7737931034482759,0.7737931034482759,127.5,126.5,116.0,123.5,130.0,129.0,120.0,126.0,134.0,133.0,125.0,128.0,131.0,130.0,122.0,127.0,0.9266517357222843,0.878475,-0.425363250473393,0.441810308108081,-20.2575417285329,1.86307643657143e-75,2.63974815626443e-73,161.057339380474,0.819910975195542,0.394547724722149,-0.425363250473393,1,159558512,F,II,3'UTR,opensea,3'UTR-opensea,,,,,,
cg20965743,0.4363634752013071,ASPG,0.2974999999999999,0.2974999999999999,0.2974999999999999,0.2974999999999999,0.359,0.359,0.359,0.359,0.6086922457202818,0.6086922457202818,0.6086922457202818,0.6086922457202818,0.5533718689788054,0.5533718689788054,0.5533718689788054,0.5533718689788054,138.0,138.0,138.0,138.0,138.0,138.0,138.0,138.0,138.0,138.0,138.0,138.0,138.0,138.0,138.0,138.0,0.8602890204233989,0.8044499999999999,0.328247562329774,0.507192347247322,14.8818017772243,6.088135760704701e-45,1.85283252713259e-43,91.0887342802688,0.215416736287522,0.543664298617296,0.328247562329774,14,104552209,R,I,Body,island,Body-island,chr14:104552012-104552478,,,,,
cg10588135,0.4283660873907183,BCAS3,0.8075000000000001,0.8075000000000001,0.7450000000000001,0.8075000000000001,0.8165,0.8165,0.7585,0.8165,0.13804437692278523,0.13804437692278523,0.19500000000000003,0.13804437692278523,0.9034578146611341,0.9034578146611341,0.8693409742120343,0.9034578146611341,22.5,23.0,52.0,21.5,20.5,21.5,52.0,20.5,17.5,18.5,57.0,17.5,20.5,21.5,53.0,20.5,0.8169092945128779,0.9314749999999999,0.431184641302909,0.576229666783563,22.4779101743826,3.81963989921495e-89,1.09212781804967e-86,192.470445596649,0.192954430069865,0.624139071372775,0.43118464130291,17,59329903,R,II,Body,opensea,Body-opensea,,True,True,,,
cg20399616,0.4226940111132608,BCAT1,0.8025,0.8025,0.7200000000000002,0.8025,0.8119,0.8119,0.7360000000000001,0.8119,0.142148689758295,0.142148689758295,0.21540659228538012,0.142148689758295,0.9008599167822469,0.9008599167822469,0.8558139534883721,0.9008599167822469,27.0,27.0,64.0,25.0,26.0,26.0,65.0,24.0,24.0,25.0,72.0,24.0,25.0,25.0,66.0,24.0,0.8076041166746653,0.848225,0.405289745005233,0.454007727076751,12.9596134584459,2.44068384588015e-35,4.405531941446899e-34,69.1052905606484,0.0937501759609888,0.499039920966222,0.405289745005233,12,25055967,R,I,Body,island,Body-island,chr12:25055599-25056246,,True,high-CpG:24947233-24947235,,
cg18674980,0.4495964312843116,CA3,0.6299999999999999,0.6299999999999999,0.6299999999999999,0.6299999999999999,0.6612,0.6612,0.6612,0.6612,0.2729468812791236,0.2729468812791236,0.2729468812791236,0.2729468812791236,0.8112883435582823,0.8112883435582823,0.8112883435582823,0.8112883435582823,119.0,119.0,104.0,115.0,118.0,118.0,104.0,115.0,113.0,115.0,104.0,113.0,116.0,116.0,103.0,113.0,0.8514904281981549,0.8907,0.432480663581351,0.65170786114441,21.4278382943223,1.2958380165254899e-82,2.62347358692782e-80,177.482382953462,0.267280604627655,0.699761268209005,0.432480663581349,8,86350581,F,II,TSS1500,shore,TSS1500-shore,chr8:86350765-86351196,,True,,,
cg05863502,0.420555561847159,CACNA1B,0.8075000000000001,0.8075000000000001,0.69,0.8075000000000001,0.81095,0.81095,0.7120000000000001,0.81095,0.17365554986812254,0.17365554986812254,0.2282542442102665,0.17365554986812254,0.8973167358229598,0.8973167358229598,0.8426035502958581,0.8973167358229598,22.5,23.0,83.5,21.5,27.0,27.0,84.0,25.0,50.0,50.0,82.0,49.0,31.0,31.0,84.0,30.0,0.8440516184077214,0.7763,0.376519410171557,0.522205350471144,19.6763422574958,5.89416532293014e-72,7.04313978686711e-70,153.026438769851,0.18752143031865,0.564040840490206,0.376519410171556,9,140771990,R,I,TSS1500,island,TSS1500-island,chr9:140771300-140773513,,,high-CpG:139891799-139892298,,
cg12496211,-0.4059808768651494,CACNA1C,0.7025000000000001,0.7025000000000001,0.7025000000000001,0.7025000000000001,0.7222500000000001,0.7222500000000001,0.7222500000000001,0.7222500000000001,0.2213735530726288,0.2213735530726288,0.2213735530726288,0.2213735530726288,0.8484581497797357,0.8484581497797357,0.8484581497797357,0.8484581497797357,90.5,90.0,74.0,88.0,91.0,90.0,74.0,88.0,92.0,91.0,78.0,90.0,90.0,89.0,73.0,87.0,0.6595744680851064,0.84825,-0.387950186079151,0.330061575333688,-23.2809064542761,3.38742149676934e-94,1.23877322105681e-91,204.066609998474,0.674906185181822,0.286955999102671,-0.387950186079151,12,2193060,F,II,Body,opensea,Body-opensea,,,True,,,
cg03576469,0.4845838120652399,CCDC8,0.73,0.73,0.69,0.73,0.747,0.747,0.714,0.747,0.1972308292331602,0.1972308292331602,0.21931712199461312,0.1972308292331602,0.8635838150289017,0.8635838150289017,0.8449704142011835,0.8635838150289017,80.0,79.0,83.5,77.0,79.0,78.0,81.5,76.0,74.0,74.0,76.0,73.0,79.0,78.0,81.0,76.0,0.8215218898309602,0.8492000000000001,0.492202121280945,0.604431170718869,23.125647417266,3.2377697300015603e-93,1.13091560780805e-90,201.816296758525,0.166918174024695,0.659120295305641,0.492202121280945,19,46917061,F,II,TSS200,shore,TSS200-shore,chr19:46915311-46915802,True,,,,
cg06571407,0.4781037453551982,CD40,0.8500000000000001,0.8500000000000001,0.8125,0.8125,0.8543999999999999,0.8543999999999999,0.82125,0.82125,0.11704699910719625,0.11704699910719625,0.1328768226591831,0.1328768226591831,0.9236756756756755,0.9236756756756755,0.9062068965517242,0.9062068965517242,7.5,7.5,14.0,17.5,8.0,8.0,14.0,17.0,11.0,11.0,13.0,14.0,8.0,8.0,14.0,17.0,0.8197088465845463,0.79075,0.443141121857524,0.576577166330278,18.7210850650319,2.7165061128394e-66,2.46640778642595e-64,140.033780840673,0.182673946901367,0.625815068758892,0.443141121857525,20,44746823,R,II,TSS200,island,TSS200-island,chr20:44746822-44747060,True,,,,
cg07198552,0.4128553584975153,CDH4,0.6825000000000001,0.655,0.5775000000000001,0.655,0.6936,0.6795,0.62205,0.6795,0.2803680616618091,0.2646223724479848,0.2990087791353291,0.2646223724479848,0.824487369985141,0.8211480362537764,0.7886529318541996,0.8211480362537764,97.5,106.0,120.0,104.0,102.0,105.0,117.0,103.0,120.0,110.0,116.0,108.0,104.0,106.0,117.0,104.0,0.7239108409321175,0.719,0.385676263243913,0.434906685924908,16.0629157340911,3.10610348778521e-51,1.3244710012537698e-49,105.50599050981,0.0920833408192083,0.477759604063121,0.385676263243912,20,59828977,F,II,Body,island,Body-island,chr20:59826977-59828978,,,,,
cg00735923,0.4530631125081084,CFTR,0.6074999999999999,0.6074999999999999,0.6275,0.6074999999999999,0.63675,0.63675,0.65475,0.63675,0.3091217397725368,0.3091217397725368,0.290269271539376,0.3091217397725368,0.7922239502332816,0.7922239502332816,0.8046082949308757,0.7922239502332816,124.5,123.5,105.5,119.5,126.0,125.0,108.0,121.0,129.0,128.0,110.0,124.0,127.0,126.0,108.0,122.0,0.7094598197621714,0.7051250000000001,0.441037129386038,0.606273295581368,19.7040363890676,4.02280834323802e-72,4.857206795514e-70,153.407047037436,0.214240291682668,0.655277421068706,0.441037129386038,7,117119963,R,II,TSS200,opensea,TSS200-opensea,,,,low-CpG:116906174-116907321,,
cg25032595,0.4595467131989265,CLDN10,0.7475,0.7149999999999999,0.7149999999999999,0.7149999999999999,0.75905,0.7348,0.7348,0.7348,0.20163395051429212,0.20402205763103168,0.20402205763103168,0.20402205763103168,0.8687267525035766,0.8569096209912537,0.8569096209912537,0.8569096209912537,67.0,83.5,66.0,81.5,68.0,83.0,66.0,81.0,77.0,77.0,62.0,76.0,70.0,83.0,65.0,81.0,0.7865141577347626,0.7495499999999998,0.405397379872482,0.587329482689522,21.0335623591592,3.46168565892472e-80,6.21934304797005e-78,171.913328669771,0.226976256136205,0.632373636008687,0.405397379872482,13,96204978,R,I,5'UTR,island,5'UTR-island,chr13:96204691-96205496,True,,high-CpG:95002899-95002984,,
cg05057720,0.5111926995072759,CLEC14A,0.21750000000000003,0.21750000000000003,0.21750000000000003,0.21750000000000003,0.327,0.327,0.327,0.327,0.6271413317586395,0.6271413317586395,0.6271413317586395,0.6271413317586395,0.5371663244353183,0.5371663244353183,0.5371663244353183,0.5371663244353183,139.0,139.0,139.0,139.0,139.0,139.0,139.0,139.0,139.0,139.0,139.0,139.0,139.0,139.0,139.0,139.0,0.7921665866794646,0.759675,0.457793310438363,0.589449410954074,23.9507750924049,1.91559801231399e-98,8.52570759219184e-96,213.816583054295,0.182522023897751,0.640315334336114,0.457793310438363,14,38724675,R,I,1stExon,island,1stExon-island,chr14:38724254-38725537,,True,,,
cg19370054,0.4108605016898979,CNGA3,0.7825,0.7825,0.5525,0.5525,0.7896,0.7896,0.58905,0.58905,0.18195122972928762,0.18195122972928762,0.35658975027333584,0.35658975027333584,0.8859467040673211,0.8859467040673211,0.7588405797101448,0.7588405797101448,40.5,41.0,124.0,128.0,44.0,44.0,125.0,128.0,54.0,54.0,128.0,130.0,46.0,46.0,127.0,129.0,0.8933770596704527,0.8781749999999998,0.401702797811745,0.45106876984202,17.1806950765414,1.99024017786632e-57,1.15456027279438e-55,119.703395765713,0.09399961623158,0.495702414043325,0.401702797811745,2,98964186,F,II,5'UTR,island,5'UTR-island,chr2:98962873-98964187,,True,,,
cg08481075,0.4248056785555887,COL11A2,0.6400000000000001,0.6375000000000002,0.33000000000000007,0.6375000000000002,0.6624,0.6637500000000001,0.415,0.6637500000000001,0.29120439557122074,0.28090256317805284,0.5281098370604358,0.28090256317805284,0.8078048780487804,0.8106870229007633,0.6240601503759398,0.8106870229007633,112.5,112.0,137.0,109.0,117.0,117.0,135.0,114.0,122.0,120.0,135.0,117.0,120.0,119.0,135.0,116.0,0.805524449421426,0.8238,0.420385862896954,0.570090451793899,18.1986976579892,3.01789066339909e-63,2.3650974121752e-61,133.047944361462,0.196414129218829,0.616799992115782,0.420385862896954,6,33161328,F,I,TSS1500,island,TSS1500-island,chr6:33160945-33161337,True,,,rs13437061,
cg07113642,0.4277586349544884,CPXM1,0.77,0.77,0.6200000000000001,0.76,0.7776000000000001,0.7776000000000001,0.6512,0.7728,0.19416487838947594,0.19416487838947594,0.2863564212655271,0.1788854381999832,0.8786440677966102,0.8786440677966102,0.8039506172839506,0.8781818181818182,51.0,51.0,111.0,56.5,55.0,55.0,110.0,57.0,72.0,72.0,109.0,52.0,57.0,57.0,109.0,57.0,0.8066975950514583,0.8361,0.417021505477949,0.466376638797338,15.9601139112882,1.12359506757662e-50,4.64518752937653e-49,104.226247020834,0.0956908561502725,0.512712361628221,0.417021505477949,20,2781262,R,I,5'UTR,island,5'UTR-island,chr20:2780978-2781497,True,,high-CpG:2729253-2729300,,
cg06173663,0.4281167227641845,CUX1,0.9275,0.9275,0.855,0.9275,0.9288,0.9288,0.858,0.9288,0.051538820320220766,0.051538820320220766,0.12257650672131262,0.051538820320220766,0.9637354085603113,0.9637354085603113,0.9250673854447439,0.9637354085603113,1.0,1.0,4.0,1.0,1.0,1.0,4.0,1.0,1.0,1.0,10.0,1.0,1.0,1.0,4.0,1.0,0.8616488028582091,0.8860250000000002,0.373940294397731,0.752194235840554,30.9577510532241,8.08226661326007e-144,3.62677926874058e-140,317.982011333379,0.41980286304257,0.793743157440302,0.373940294397733,7,101579929,R,I,Body,opensea,Body-opensea,,,,,,
cg17538572,0.4924093983044961,CYP26A1,0.6400000000000001,0.6400000000000001,0.33499999999999996,0.33499999999999996,0.666,0.666,0.4025,0.4025,0.2785677655436824,0.2785677655436824,0.5542788107081129,0.5542788107081129,0.8121951219512195,0.8121951219512195,0.602996254681648,0.602996254681648,112.5,110.5,135.0,137.0,115.0,115.0,137.0,137.0,118.0,118.0,137.0,137.0,115.0,115.0,137.0,137.0,0.8188556497627046,0.8007000000000001,0.450786364373731,0.501810814103958,20.2567491671183,1.8837783952450201e-75,2.6680891453751998e-73,161.046327589028,0.10111182354953,0.551898187923261,0.450786364373731,10,94834763,R,I,Body,island,Body-island,chr10:94833272-94835256,,,,,
cg01114088,0.4075349629210923,CYTL1,0.6775,0.6775,0.5975000000000001,0.6775,0.70305,0.70305,0.6345500000000001,0.70305,0.23001358655522938,0.23001358655522938,0.29648988178351043,0.23001358655522938,0.8382116244411326,0.8382116244411326,0.7944287949921752,0.8382116244411326,100.0,98.5,114.5,96.5,98.0,98.0,114.0,96.0,95.0,94.0,114.0,92.0,96.0,96.0,113.0,94.0,0.7679304644590198,0.831725,0.377796563999716,0.495942726065719,12.8554223372387,7.641525845377451e-35,1.3409338022273699e-33,67.9714553865423,0.160123558065973,0.537920122065688,0.377796563999715,4,5021111,R,II,1stExon,island,1stExon-island,chr4:5021003-5021329,,True,,,
cg12290311,0.4370895184870516,DAB2,0.8075000000000001,0.8075000000000001,0.5425,0.5425,0.8136,0.8136,0.57195,0.57195,0.1576586502542756,0.1576586502542756,0.3878224464880804,0.3878224464880804,0.9002489626556016,0.9002489626556016,0.7415883306320907,0.7415883306320907,22.5,23.0,126.0,129.0,25.0,25.0,128.0,130.0,35.0,36.0,130.0,133.0,26.0,26.0,129.0,131.0,0.7186316855969711,0.831325,0.379982932371229,0.771095581025233,23.4256342454087,4.11672547412006e-95,1.5717855660813798e-92,206.16761363607,0.433332974473029,0.813315906844259,0.37998293237123,5,39424119,F,II,5'UTR,shore,5'UTR-shore,chr5:39424892-39425320,,,,rs60805730,
cg17241776,0.4083827652947011,DLEU7,0.8275000000000001,0.8275000000000001,0.8624999999999998,0.8275000000000001,0.8328,0.8328,0.86715,0.8328,0.13840610535666406,0.13840610535666406,0.09801147891956334,0.13840610535666406,0.9114090287277701,0.9114090287277701,0.9311677852348994,0.9114090287277701,14.5,15.5,3.0,13.5,14.5,15.5,3.0,13.5,19.5,20.5,3.0,19.5,14.5,15.5,3.0,13.5,0.9553938036580814,0.9103000000000001,0.384413821939241,0.489440294414952,18.7237360013066,2.62094679699589e-66,2.38304979773674e-64,140.069455515198,0.147739119357849,0.53215294129709,0.384413821939241,13,51417469,F,I,1stExon,island,1stExon-island,chr13:51417371-51418149,,,,,
cg17154724,0.4804953450290202,DNM3,0.7675000000000001,0.7675000000000001,0.7675000000000001,0.7675000000000001,0.78075,0.78075,0.78075,0.78075,0.16600075301034023,0.16600075301034023,0.16600075301034023,0.16600075301034023,0.8834512022630835,0.8834512022630835,0.8834512022630835,0.8834512022630835,54.0,54.0,39.0,52.0,51.0,51.0,39.0,50.0,43.0,44.0,37.0,44.0,50.0,50.0,38.0,49.0,0.8425585239694982,0.8305749999999998,0.499878929094927,0.55050223235474,17.0810772092762,7.23690811264321e-57,4.07487924866949e-55,118.417946056246,0.106165406492583,0.606044335587509,0.499878929094927,1,171810322,R,I,TSS1500,shore,TSS1500-shore,chr1:171810467-171811325,,,,,
cg08862890,0.4061953381300958,DOCK2,0.7949999999999999,0.7949999999999999,0.72,0.7949999999999999,0.795,0.795,0.738,0.795,0.20499999999999996,0.20499999999999996,0.20591260281974005,0.20499999999999996,0.8857938718662953,0.8857938718662953,0.858139534883721,0.8857938718662953,33.0,33.0,65.0,32.0,38.0,39.0,64.0,37.0,78.0,78.0,64.0,77.0,48.0,48.0,64.0,44.0,0.7978190156241669,0.89365,0.389287992907755,0.40630475263621,12.5057660063686,3.36217717889927e-33,5.384212386041211e-32,64.2128621569353,0.0602709811626507,0.449558974070405,0.389287992907754,5,169064451,R,I,Body,island,Body-island,chr5:169064270-169064702,,,,,
cg06998282,0.4496914527045695,ENPP2,0.6375,0.6375,0.6475,0.6375,0.6666,0.6666,0.6754,0.6666,0.2705665352551938,0.2705665352551938,0.26164145313768616,0.2705665352551938,0.8141679389312977,0.8141679389312977,0.8199089529590289,0.8141679389312977,115.0,114.5,96.0,111.5,114.0,113.5,96.0,111.5,112.0,113.5,99.0,111.5,112.0,112.5,96.0,110.5,0.9095078120834,0.7991999999999999,0.485711464411621,0.637000948454801,19.3991922697816,2.6637403895428797e-70,2.92883208590549e-68,149.229325882683,0.205257424533361,0.690968888944981,0.48571146441162,8,120651398,F,II,TSS1500,opensea,TSS1500-opensea,,True,True,,,
cg06947913,0.4092560146403851,FAIM2,0.7649999999999999,0.7649999999999999,0.79,0.7649999999999999,0.7755,0.7755,0.8008000000000001,0.7755,0.18500000000000008,0.18500000000000008,0.14999999999999997,0.18500000000000008,0.8787535410764873,0.8787535410764873,0.8947486033519554,0.8787535410764873,56.0,56.0,24.0,54.0,56.0,56.0,24.0,54.0,61.0,61.0,23.0,61.0,56.0,56.0,24.0,55.0,0.8492507865408201,0.8806750000000002,0.264765164779161,0.467753849084745,10.124929639547,6.84281145731286e-23,6.02675242912842e-22,40.6726252736652,0.232407035947713,0.497172200726874,0.264765164779161,12,50297793,R,I,TSS200,island,TSS200-island,chr12:50297580-50297988,True,True,,,
cg20072171,0.4165878779442433,FEZF2,0.7025000000000001,0.7025000000000001,0.7025000000000001,0.7025000000000001,0.72455,0.72455,0.72455,0.72455,0.21072790512886516,0.21072790512886516,0.21072790512886516,0.21072790512886516,0.8511600587371512,0.8511600587371512,0.8511600587371512,0.8511600587371512,90.5,90.0,74.0,88.0,90.0,89.0,73.0,87.0,83.0,83.0,68.0,82.0,89.0,88.0,72.0,86.0,0.7858742601183811,0.8481750000000001,0.401462015408409,0.49985581610671,17.3822070235625,1.44494759699487e-58,8.92239351284727e-57,122.315139891927,0.143000691299235,0.544462706707644,0.401462015408409,3,62356962,R,I,Body,island,Body-island,chr3:62356773-62357315,,,,,
cg01537995,0.406090974441298,FLRT2,0.75,0.75,0.76,0.75,0.7656,0.7656,0.7744,0.7656,0.17691806012954134,0.17691806012954134,0.16970562748477142,0.17691806012954134,0.8749714285714285,0.8749714285714285,0.88,0.8749714285714285,65.0,65.0,41.5,63.0,64.0,64.0,41.0,63.0,52.0,52.0,39.0,51.0,63.0,63.0,41.0,62.0,0.9208126699728044,0.8481250000000001,0.415480816643711,0.487291584299214,17.4376013466499,7.00792021510046e-59,4.3999702916942596e-57,123.035745276967,0.117975302838137,0.533456119481848,0.415480816643711,14,85996352,F,II,TSS200,shore,TSS200-shore,chr14:85996494-85996958,,,high-CpG:85066099-85066447,,
cg15031661,0.4055725363085207,FMN2,0.73,0.73,0.73,0.73,0.7440000000000001,0.7440000000000001,0.7440000000000001,0.7440000000000001,0.21189620100417084,0.21189620100417084,0.21189620100417084,0.21189620100417084,0.8601156069364163,0.8601156069364163,0.8601156069364163,0.8601156069364163,80.0,79.0,60.5,77.0,81.0,80.0,61.0,78.0,85.0,85.0,70.0,84.0,81.0,80.0,63.0,78.0,0.8945768677011676,0.8538499999999999,0.398740162956324,0.453601487744222,15.0431280133101,8.738861213989581e-46,2.78579411686046e-44,93.0198499562724,0.0991657873386013,0.497905950294925,0.398740162956324,1,240256603,F,I,1stExon,island,1stExon-island,chr1:240254959-240257063,True,,,,
cg03774514,0.4716472565256708,FOXA2,0.7974999999999999,0.7974999999999999,0.7000000000000002,0.7974999999999999,0.80605,0.80605,0.7200000000000001,0.80605,0.15461646096066226,0.15461646096066226,0.2236067977499789,0.15461646096066226,0.8968567454798332,0.8968567454798332,0.8470588235294118,0.8968567454798332,30.0,30.0,76.0,29.0,30.0,30.0,75.0,29.0,32.0,32.0,79.0,32.0,32.0,32.0,77.0,31.0,0.8129899216125419,0.8758249999999999,0.378511110848314,0.485117788989445,18.1460686137638,6.0868930289587e-63,4.69216046844082e-61,132.349130500474,0.148663468235388,0.527174579083702,0.378511110848315,20,22563702,F,I,Body,island,Body-island,chr20:22562736-22566104,,,,,
cg18279094,0.4636171996639134,FOXD3,0.6875,0.6875,0.6875,0.6875,0.7119,0.7119,0.7119,0.7119,0.22103449956963733,0.22103449956963733,0.22103449956963733,0.22103449956963733,0.8437333333333333,0.8437333333333333,0.8437333333333333,0.8437333333333333,95.0,95.0,85.0,93.0,94.0,94.0,85.0,92.0,91.0,90.0,77.0,89.0,94.0,94.0,82.0,92.0,0.8820722017810484,0.8619499999999999,0.389506212582627,0.615441048122403,16.2535774006712,2.8276561096024902e-52,1.26618111797712e-50,107.891447635903,0.269213303604513,0.658719516187139,0.389506212582626,1,63790044,F,I,1stExon,island,1stExon-island,chr1:63782394-63790471,,,,,
cg13791254,0.4922650176618153,FOXE1,0.77,0.77,0.77,0.77,0.783,0.783,0.783,0.783,0.16401219466856723,0.16401219466856723,0.16401219466856723,0.16401219466856723,0.8847457627118644,0.8847457627118644,0.8847457627118644,0.8847457627118644,51.0,51.0,36.5,49.0,50.0,50.0,37.0,49.0,42.0,43.0,34.0,42.0,49.0,49.0,36.0,47.0,0.8310403668746336,0.85625,0.369549545697416,0.5788250392291,16.5672305385058,5.30840306367902e-54,2.58952170579057e-52,111.84884472849,0.250336554164729,0.619886099862146,0.369549545697416,9,100616607,R,I,1stExon,island,1stExon-island,chr9:100615234-100617510,,,,,
cg26422161,0.4391980206689502,FOXQ1,0.6875,0.6875,0.6400000000000001,0.6875,0.71165,0.71165,0.672,0.71165,0.22216266563038894,0.22216266563038894,0.25612496949731395,0.22216266563038894,0.8434370370370371,0.8434370370370371,0.8195121951219512,0.8434370370370371,95.0,95.0,99.5,93.0,95.0,95.0,97.0,93.0,93.0,92.0,95.0,91.0,95.0,95.0,97.0,93.0,0.79118007785421,0.7643499999999998,0.38756256344766,0.471584477875853,13.8942743794569,6.65947201398528e-40,1.55537064110606e-38,79.5498787337612,0.127084421477933,0.514646984925593,0.38756256344766,6,1313211,R,I,1stExon,island,1stExon-island,chr6:1311068-1314220,,,,,
cg03502002,0.500378018863424,GALR1,0.7749999999999999,0.7749999999999999,0.7749999999999999,0.7749999999999999,0.7875,0.7875,0.7875,0.7875,0.1600781059358212,0.1600781059358212,0.1600781059358212,0.1600781059358212,0.8873239436619719,0.8873239436619719,0.8873239436619719,0.8873239436619719,48.0,48.0,32.0,45.0,46.5,46.5,31.5,42.5,37.5,38.5,29.5,37.5,44.5,44.5,31.5,41.5,0.8614355036527488,0.8526999999999999,0.465122037555642,0.538985533297528,18.3454583023078,4.2455005455301e-64,3.46084965714411e-62,135.001547373599,0.125543722136957,0.590665759692599,0.465122037555642,18,74962133,R,I,1stExon,island,1stExon-island,chr18:74961556-74963822,,True,,,
cg13476133,0.416435632806495,GCK,0.7949999999999999,0.7949999999999999,0.7949999999999999,0.7949999999999999,0.8055,0.8055,0.8055,0.8055,0.14499999999999996,0.14499999999999996,0.14499999999999996,0.14499999999999996,0.8974930362116992,0.8974930362116992,0.8974930362116992,0.8974930362116992,33.0,33.0,21.0,32.0,31.5,31.5,20.5,30.5,26.5,27.5,20.5,26.5,29.5,29.5,20.5,28.5,0.8473577560923584,0.8692000000000001,0.432016039139349,0.500636412300441,18.9263152079807,1.6872153750226e-67,1.63377189638803e-65,142.802126842918,0.116622155287687,0.548638194427035,0.432016039139348,7,44185646,R,I,Body,island,Body-island,chr7:44184770-44185695,,True,,,
cg13713922,0.4465616329629323,GLI2,0.7324999999999999,0.7324999999999999,0.7574999999999998,0.7324999999999999,0.7449499999999999,0.7449499999999999,0.76845,0.7449499999999999,0.2160005787029285,0.2160005787029285,0.19210999453438127,0.2160005787029285,0.8599711399711398,0.8599711399711398,0.8744807965860598,0.8599711399711398,77.0,76.0,43.5,74.0,80.0,79.0,45.0,77.0,88.0,87.0,55.0,86.0,82.0,81.0,49.0,79.0,0.567962459339839,0.69965,0.439659983213389,0.579835975845168,21.3190942538116,6.07197613137928e-82,1.1852565772564399e-79,175.942999759841,0.189027101877711,0.6286870850911,0.439659983213389,2,121625577,R,II,Body,shore,Body-shore,chr2:121624827-121625209,True,True,,,
cg09649610,0.4532734413658353,GNG4,0.6425000000000001,0.6425000000000001,0.6425000000000001,0.6425000000000001,0.6707,0.6707,0.6707,0.6707,0.2672194790803994,0.2672194790803994,0.2672194790803994,0.2672194790803994,0.8166818873668188,0.8166818873668188,0.8166818873668188,0.8166818873668188,110.0,108.5,97.5,106.5,110.0,110.0,99.5,108.0,109.0,111.0,100.5,109.0,110.0,110.0,100.5,108.0,0.7892337226043832,0.762675,0.446328357267567,0.545179453788104,17.4995222328252,3.11689836377437e-59,1.99271995408299e-57,123.842590431645,0.148443136216934,0.5947714934845,0.446328357267566,1,235814039,F,II,TSS1500,island,TSS1500-island,chr1:235811841-235814066,,,,rs80114549,
cg06970510,0.4744075291222435,GRASP,0.6600000000000001,0.6600000000000001,0.6724999999999999,0.6600000000000001,0.684,0.684,0.6935,0.684,0.26,0.26,0.2554530289505294,0.26,0.8240963855421687,0.8240963855421687,0.8292974588938715,0.8240963855421687,105.0,104.0,92.0,102.0,105.0,104.0,93.0,102.0,106.0,107.0,94.0,105.0,105.0,104.0,94.0,102.0,0.859435823601557,0.884075,0.416175663055116,0.613760413285447,19.2294399930508,2.7196985749332e-69,2.86009260972359e-67,146.914485128767,0.243826490569787,0.660002153624904,0.416175663055117,12,52401448,R,II,Body,island,Body-island,chr12:52400467-52401696,,,,,
cg08578734,0.4115000241815237,GRIA1,0.5950000000000002,0.5950000000000002,0.5375000000000001,0.5950000000000002,0.6210000000000001,0.6210000000000001,0.58835,0.6210000000000001,0.33470135942359114,0.33470135942359114,0.3349720137563734,0.33470135942359114,0.7786833855799373,0.7786833855799373,0.7653333333333333,0.7786833855799373,127.5,126.5,127.0,123.5,128.0,127.0,126.0,123.0,131.0,130.0,123.0,126.0,130.0,129.0,124.0,126.0,0.8566629339305711,0.842425,0.435333785271019,0.522342646792524,14.1202579761529,4.88993419044631e-41,1.21562495517344e-39,82.1463549322822,0.135379282107174,0.570713067378193,0.435333785271018,5,152870490,R,II,1stExon,opensea,1stExon-opensea,,,True,,,
cg00582971,0.4098835651822813,GRM6,0.7849999999999999,0.7849999999999999,0.77,0.77,0.7942999999999999,0.7942999999999999,0.7832,0.7832,0.16620770138594665,0.16620770138594665,0.16278820596099705,0.16278820596099705,0.8899719887955181,0.8899719887955181,0.8849717514124293,0.8849717514124293,39.0,40.0,36.5,49.0,39.0,40.0,36.0,48.0,44.0,45.0,33.0,41.0,38.0,39.0,35.0,46.0,0.6908494640857463,0.8357249999999999,0.391989478433466,0.416848929925105,13.81790542621,1.59985925601987e-39,3.6544683016461e-38,78.6785310578504,0.0684138379842471,0.460403316417712,0.391989478433465,5,178422128,F,I,TSS200,island,TSS200-island,chr5:178421225-178422337,,True,,,
cg15925365,0.4082314630877808,GSTA4,0.6325000000000001,0.6325000000000001,0.5975000000000001,0.5975000000000001,0.6555000000000001,0.6555000000000001,0.63425,0.63425,0.2984229381264114,0.2984229381264114,0.2975,0.2975,0.8030627871362941,0.8030627871362941,0.7940532081377151,0.7940532081377151,118.0,118.0,114.5,122.0,120.5,120.5,115.0,122.0,126.0,125.0,115.0,121.0,123.0,122.0,114.0,121.0,0.7223910840932117,0.7727749999999999,0.404806690871579,0.67292623382812,17.2399842980076,9.21413218574604e-58,5.44205936928432e-56,120.470243449027,0.313098064164494,0.717904755036073,0.404806690871579,6,52858998,F,II,Body,shore,Body-shore,chr6:52859565-52859767,,True,,,
cg17508991,0.4235381203956179,HCK,0.665,0.665,0.665,0.665,0.6920000000000001,0.6920000000000001,0.6920000000000001,0.6920000000000001,0.24129857024027304,0.24129857024027304,0.24129857024027304,0.24129857024027304,0.8312312312312313,0.8312312312312313,0.8312312312312313,0.8312312312312313,104.0,103.0,94.0,101.0,104.0,103.0,94.0,101.0,99.0,100.0,92.0,98.0,102.0,103.0,93.0,101.0,0.8493574361435502,0.8045749999999999,0.378991389662427,0.600749115336917,19.7402407507975,2.44073583658502e-72,2.97429004791619e-70,153.904932863628,0.263867880081427,0.642859269743854,0.378991389662427,20,30639305,F,I,TSS1500,shore,TSS1500-shore,chr20:30639908-30640786,,,,,
cg21899596,0.4034770887679621,HOPX,0.35250000000000004,0.35250000000000004,0.35250000000000004,0.35250000000000004,0.41055,0.41055,0.41055,0.41055,0.550596267695305,0.550596267695305,0.550596267695305,0.550596267695305,0.607097966728281,0.607097966728281,0.607097966728281,0.607097966728281,136.0,136.0,133.0,135.0,137.0,137.0,136.0,136.0,137.0,137.0,136.0,136.0,137.0,137.0,136.0,136.0,0.5893723670879326,0.8215749999999999,0.387609574892822,0.613125725347936,14.5415431256856,3.50465054515263e-43,9.731758334913759e-42,87.0573151138379,0.26858388099876,0.656193455891583,0.387609574892822,4,57522493,R,II,1stExon,island,1stExon-island,chr4:57521621-57522703,True,,high-CpG:57216994-57217416,,
cg07317062,0.4107355973000325,HOXA4,0.8475000000000001,0.8475000000000001,0.8475000000000001,0.8475000000000001,0.85275,0.85275,0.85275,0.85275,0.11294356998076514,0.11294356998076514,0.11294356998076514,0.11294356998076514,0.9231393775372124,0.9231393775372124,0.9231393775372124,0.9231393775372124,9.0,9.0,6.0,7.0,10.0,10.0,7.0,8.0,8.0,9.0,7.0,8.0,10.0,10.0,7.0,8.0,0.8062443342398549,0.9170999999999999,0.314440854447873,0.493836711672747,12.7625342974626,2.10275085092928e-34,3.60806845928291e-33,66.9659446551858,0.214333729941304,0.528774584389177,0.314440854447873,7,27170388,R,II,5'UTR,island,5'UTR-island,chr7:27169572-27170638,True,True,,,
cg26521404,0.409320470185862,HOXA9,0.7850000000000001,0.7850000000000001,0.6225,0.7850000000000001,0.7958000000000001,0.7958000000000001,0.6409,0.7958000000000001,0.15692354826475213,0.15692354826475213,0.3251249759707795,0.15692354826475213,0.8916526610644258,0.8916526610644258,0.7900154083204931,0.8916526610644258,37.5,38.5,109.5,36.5,37.0,38.0,112.0,36.0,34.0,35.0,119.0,35.0,35.0,36.0,116.0,35.0,0.9014024422759026,0.88845,0.308112012884497,0.410287144694023,13.7527037612628,3.37287945401105e-39,7.56627536309626e-38,77.9370671019533,0.136409799907803,0.444521812792301,0.308112012884497,7,27204981,F,I,1stExon,island,1stExon-island,chr7:27203915-27206462,,,,rs11975265,
cg22674699,0.4185108419057693,HOXD9,0.7749999999999999,0.7749999999999999,0.7749999999999999,0.7749999999999999,0.7876,0.7876,0.7876,0.7876,0.15945218719101972,0.15945218719101972,0.15945218719101972,0.15945218719101972,0.8874366197183099,0.8874366197183099,0.8874366197183099,0.8874366197183099,48.0,48.0,32.0,45.0,45.0,45.0,30.0,41.0,36.0,37.0,28.0,36.0,43.0,43.0,30.0,40.0,0.8989761638137898,0.8203250000000001,0.357284064378503,0.478160577686993,13.5517053531463,3.3138377896257e-38,7.03732504444299e-37,75.6657962657133,0.160574742683879,0.517858807062382,0.357284064378503,2,176987918,R,I,1stExon,island,1stExon-island,chr2:176986424-176988291,True,True,,,
cg23165899,0.4013927290571003,ID4,0.74,0.74,0.74,0.74,0.756,0.756,0.756,0.756,0.18867962264113208,0.18867962264113208,0.18867962264113208,0.18867962264113208,0.8689655172413793,0.8689655172413793,0.8689655172413793,0.8689655172413793,70.5,69.5,54.5,67.5,70.5,69.5,54.5,67.5,65.5,65.5,52.0,65.5,68.5,68.5,54.0,67.5,0.6762651309123874,0.7732,0.392643678282475,0.466371811516279,14.3222912652766,4.63095022706293e-42,1.21407033367037e-40,84.4901689584938,0.117355208598524,0.509998886880999,0.392643678282475,6,19837095,R,II,TSS1500,island,TSS1500-island,chr6:19837014-19837228,True,,,,
cg03635766,0.4034124913214487,IGFBP4,0.78,0.78,0.78,0.78,0.7912,0.7912,0.7912,0.7912,0.16124515496597097,0.16124515496597097,0.16124515496597097,0.16124515496597097,0.8889887640449439,0.8889887640449439,0.8889887640449439,0.8889887640449439,43.0,43.0,28.5,39.0,42.5,42.5,29.0,39.5,39.5,40.5,32.0,39.5,40.5,41.5,29.0,38.5,0.8978030181837573,0.9309000000000001,0.366108244620095,0.671873729545948,18.7502252948104,1.83230928796295e-66,1.67960804023718e-64,140.426053492064,0.34644417877253,0.712552423392626,0.366108244620096,17,38607865,F,II,Body,opensea,Body-opensea,,True,True,,,
cg10119075,0.4493920467802246,ITIH5,0.7475,0.7475,0.6975,0.7475,0.7613000000000001,0.7613000000000001,0.718,0.7613000000000001,0.19014796869806416,0.19014796869806416,0.224735956179691,0.19014796869806416,0.871301859799714,0.871301859799714,0.8459499263622975,0.871301859799714,67.0,66.5,77.0,64.5,66.0,66.0,79.0,65.0,69.0,69.0,80.0,69.0,66.0,66.0,79.0,65.0,0.8922572388417853,0.8058250000000002,0.492633055174021,0.593547188128578,21.8430259530687,3.48053349295183e-85,7.95419728269723e-83,183.382591858676,0.155651139085004,0.648284194259025,0.492633055174021,10,7709738,F,II,TSS1500,opensea,TSS1500-opensea,,,,,,
cg08680048,0.409270341660259,ITPKA,0.6074999999999999,0.6074999999999999,0.6074999999999999,0.6074999999999999,0.646,0.646,0.646,0.646,0.2775900754710081,0.2775900754710081,0.2775900754710081,0.2775900754710081,0.803732503888025,0.803732503888025,0.803732503888025,0.803732503888025,124.5,123.5,112.0,119.5,123.0,122.0,111.0,118.0,117.0,117.0,106.0,115.0,122.0,121.0,110.0,118.0,0.8798058977230309,0.8267500000000001,0.421067020810155,0.462306320772472,16.9494030075192,3.9635894370153595e-56,2.14775418928073e-54,116.724701659949,0.0880245244967786,0.509091545306933,0.421067020810155,15,41793881,R,I,Body,island,Body-island,chr15:41793562-41795305,True,True,,,
cg04574090,0.4255239552437126,KCNE3,0.565,0.565,0.565,0.565,0.6123000000000001,0.6123000000000001,0.6123000000000001,0.6123000000000001,0.30761176830544046,0.30761176830544046,0.30761176830544046,0.30761176830544046,0.7824920127795528,0.7824920127795528,0.7824920127795528,0.7824920127795528,132.0,131.0,122.0,127.0,131.0,130.0,122.0,127.0,128.0,127.0,118.0,123.0,129.0,128.0,119.0,124.0,0.8149629392630512,0.8256500000000002,0.425013927366944,0.523479661274995,18.9916675256037,6.94535841264469e-68,6.85589917656878e-66,143.686389456678,0.14568950361549,0.570703430982433,0.425013927366943,11,74178749,F,II,TSS200,island,TSS200-island,chr11:74178175-74178801,,True,,,
cg04849842,0.4175208795529319,KCNK9,0.7574999999999998,0.7574999999999998,0.7574999999999998,0.7574999999999998,0.7718499999999999,0.7718499999999999,0.7718499999999999,0.7718499999999999,0.17351152699460634,0.17351152699460634,0.17351152699460634,0.17351152699460634,0.8783499288762446,0.8783499288762446,0.8783499288762446,0.8783499288762446,59.0,59.0,43.5,58.0,59.0,59.0,43.0,58.0,49.0,49.0,41.0,48.0,58.0,58.0,42.0,56.0,0.9196395243427719,0.8648750000000001,0.432672546360558,0.556429675008998,18.2004023580209,2.95003744286586e-63,2.31382301371627e-61,133.070595146774,0.171831856021834,0.604504402382393,0.43267254636056,8,140714610,F,II,Body,island,Body-island,chr8:140714585-140718259,,,,,rs34551702
cg23049458,0.4161977719996268,L1TD1,0.7349999999999999,0.7349999999999999,0.7349999999999999,0.7349999999999999,0.7515,0.7515,0.7515,0.7515,0.1929378138157474,0.1929378138157474,0.1929378138157474,0.1929378138157474,0.8662824207492795,0.8662824207492795,0.8662824207492795,0.8662824207492795,74.5,73.5,57.5,71.5,75.0,74.0,58.0,72.0,71.0,71.0,56.0,71.0,72.0,71.0,57.0,70.0,0.804484615794806,0.8283000000000001,0.377115506507618,0.553390313856968,20.0013470690049,6.57505419261928e-74,8.647851363142839e-72,157.506237718076,0.218176530294641,0.595292036802259,0.377115506507618,1,62660624,R,I,5'UTR,island,5'UTR-island,chr1:62660555-62660946,,,,,
cg00840332,0.4101283864854502,LEP,0.71,0.71,0.71,0.71,0.7298,0.7298,0.7298,0.7298,0.21095023109728991,0.21095023109728991,0.21095023109728991,0.21095023109728991,0.8535672514619883,0.8535672514619883,0.8535672514619883,0.8535672514619883,87.5,86.5,69.0,84.5,87.0,86.0,69.0,84.0,84.0,84.0,69.0,83.0,87.0,86.0,69.0,84.0,0.9267850477256971,0.8383,0.408166634071373,0.519440599075343,19.5266058431657,4.63205393242284e-71,5.30562134254209e-69,150.972269582248,0.156625813234122,0.564792447305496,0.408166634071373,7,127881269,R,I,TSS200,island,TSS200-island,chr7:127880750-127881375,,,,,
cg14754787,0.4575196262145986,LHX1,0.7124999999999999,0.6699999999999999,0.6699999999999999,0.6699999999999999,0.7312500000000001,0.6971999999999999,0.6971999999999999,0.6971999999999999,0.2125,0.23345235059857508,0.23345235059857508,0.23345235059857508,0.854014598540146,0.8349700598802394,0.8349700598802394,0.8349700598802394,85.5,101.5,93.0,99.5,85.0,101.0,92.0,99.0,86.0,97.0,85.0,95.0,86.0,100.0,91.0,98.0,0.7951794379565938,0.8360500000000002,0.372645753711732,0.586310114818202,21.4856952032795,5.691408770977679e-83,1.17278995551195e-80,178.302436787104,0.255069444852217,0.62771519856395,0.372645753711733,17,35299600,F,I,Body,island,Body-island,chr17:35291899-35300875,,,,,
cg14425564,0.4104848437398732,LHX2,0.625,0.625,0.625,0.625,0.6591,0.6591,0.6591,0.6591,0.2691189328159578,0.2691189328159578,0.2691189328159578,0.2691189328159578,0.8112,0.8112,0.8112,0.8112,120.0,120.0,107.5,116.0,119.0,119.0,105.0,116.0,110.0,112.0,102.0,110.0,117.0,117.0,104.0,114.0,0.8734069215592173,0.88255,0.367325585907386,0.580630500357358,20.157470011618,7.50996342028509e-75,1.03672558004177e-72,159.66822326546,0.254118868439682,0.621444454347067,0.367325585907385,9,126794772,R,I,Body,opensea,Body-opensea,,,,,,
cg10974980,0.4926409405796631,LOXL1,0.645,0.6400000000000001,0.6400000000000001,0.6400000000000001,0.6732,0.6708000000000001,0.6708000000000001,0.6708000000000001,0.2638654960391752,0.2607680962081059,0.2607680962081059,0.2607680962081059,0.8184802431610942,0.8180487804878049,0.8180487804878049,0.8180487804878049,108.0,110.5,99.5,108.0,109.0,109.0,98.0,107.0,108.0,108.0,98.0,106.0,109.0,109.0,99.0,107.0,0.8469311576814378,0.83475,0.456611929790361,0.625775148545424,21.9835825794333,4.65464833953057e-86,1.1180037365294499e-83,185.387928850612,0.219897877620659,0.676509807411019,0.45661192979036,15,74243781,R,II,Body,opensea,Body-opensea,,,True,,,
cg27317046,0.4301634626492322,LTBP2,0.635,0.635,0.625,0.635,0.6669,0.6669,0.6516,0.6669,0.26348624252510794,0.26348624252510794,0.2956771888394504,0.26348624252510794,0.8157798165137615,0.8157798165137615,0.8019692307692308,0.8157798165137615,117.0,117.0,107.5,114.0,113.0,112.0,109.0,110.0,107.0,109.0,113.0,107.0,111.0,111.0,111.0,109.0,0.8910840932117525,0.8847499999999998,0.383757647183756,0.760598611113629,19.9572627374585,1.2118909740452601e-73,1.5658641293809799e-71,156.896920920031,0.419480702505846,0.803238349689602,0.383757647183756,14,74968209,F,I,Body,opensea,Body-opensea,,True,True,,,
cg01158680,0.4073946771569954,MAGI2,0.77,0.77,0.7849999999999999,0.77,0.7801999999999999,0.7801999999999999,0.7942999999999999,0.7801999999999999,0.18027756377319953,0.18027756377319953,0.16620770138594665,0.18027756377319953,0.8815819209039547,0.8815819209039547,0.8899719887955181,0.8815819209039547,51.0,51.0,27.0,49.0,52.0,52.0,27.0,51.0,53.0,53.0,38.0,53.0,53.0,53.0,27.0,52.0,0.8523969498213618,0.8535000000000001,0.400918228063138,0.466653982650067,16.1998174221791,5.5662978458717206e-52,2.4578768502731297e-50,107.217269305564,0.110282224371722,0.51120045243486,0.400918228063138,7,79083997,R,II,TSS1500,shore,TSS1500-shore,chr7:79082174-79082427,,,,,
cg26870725,0.4246631859184933,MAST1,0.7549999999999999,0.7549999999999999,0.7549999999999999,0.7549999999999999,0.7682,0.7682,0.7682,0.7682,0.1833712082089225,0.1833712082089225,0.1833712082089225,0.1833712082089225,0.8754415954415955,0.8754415954415955,0.8754415954415955,0.8754415954415955,61.5,61.5,46.5,60.0,61.5,61.5,47.0,60.5,56.5,56.5,47.0,55.5,61.5,61.5,46.0,60.5,0.8814589665653497,0.812325,0.392772376202468,0.502733497166015,19.9950699323626,7.173422762338e-74,9.40243446831356e-72,157.419446055544,0.153602496097155,0.546374872299623,0.392772376202468,19,12978805,R,I,Body,shore,Body-shore,chr19:12978359-12978785,True,,,,
cg07792478,0.4380577739941506,MIR124-2,0.8599999999999999,0.8599999999999999,0.8425,0.8599999999999999,0.8648,0.8648,0.8487,0.8648,0.1,0.1,0.1113833470497273,0.1,0.9298924731182796,0.9298924731182796,0.9212483039348711,0.9298924731182796,6.0,6.0,8.0,5.0,6.0,6.0,8.0,5.0,5.0,6.0,5.0,5.0,6.0,6.0,8.0,5.0,0.8902842211912761,0.8405000000000001,0.408226234100952,0.542718440752939,17.2032103901962,1.48581232681466e-57,8.666814423163009e-56,119.994452508271,0.179850677107649,0.5880769112086,0.408226234100951,8,65290484,F,I,TSS1500,island,TSS1500-island,chr8:65290108-65290946,,,,,
cg14416371,0.4414524480238528,MIR129-2,0.8500000000000001,0.8500000000000001,0.8500000000000001,0.8500000000000001,0.855,0.855,0.855,0.855,0.11180339887498948,0.11180339887498948,0.11180339887498948,0.11180339887498948,0.9243243243243242,0.9243243243243242,0.9243243243243242,0.9243243243243242,7.5,7.5,5.0,6.0,7.0,7.0,5.0,6.0,7.0,8.0,6.0,7.0,7.0,7.0,5.0,6.0,0.8611155548445584,0.8789749999999998,0.441663903427943,0.445446592940332,16.1857809882567,6.6416815660282e-52,2.91954605043122e-50,107.041446160935,0.0528564565599383,0.494520359987881,0.441663903427943,11,43602847,R,I,TSS200,island,TSS200-island,chr11:43602545-43603215,,True,,,
cg26132320,0.4321327670373259,MMP9,0.7324999999999999,0.7324999999999999,0.7324999999999999,0.7324999999999999,0.7503500000000001,0.7503500000000001,0.7503500000000001,0.7503500000000001,0.18935746618499094,0.18935746618499094,0.18935746618499094,0.18935746618499094,0.8662049062049063,0.8662049062049063,0.8662049062049063,0.8662049062049063,77.0,76.0,59.0,74.0,76.5,75.5,59.0,73.5,67.5,67.5,53.0,67.5,73.5,72.5,58.0,71.5,0.9220658028048846,0.8403999999999998,0.430769585881761,0.545528692313859,22.6906249702187,1.7711196623151e-90,5.45234685197105e-88,195.531765464025,0.162622393752293,0.593391979634055,0.430769585881762,20,44640353,F,I,Body,island,Body-island,chr20:44640288-44641210,True,,,rs3918254,rs36040399
cg10896862,0.4651262580340374,MPZ,0.8075000000000001,0.8075000000000001,0.8075000000000001,0.8075000000000001,0.8165,0.8165,0.8165,0.8165,0.13804437692278523,0.13804437692278523,0.13804437692278523,0.13804437692278523,0.9034578146611341,0.9034578146611341,0.9034578146611341,0.9034578146611341,22.5,23.0,17.0,21.5,20.5,21.5,17.0,20.5,17.5,18.5,17.0,17.5,20.5,21.5,17.0,20.5,0.8110968911640805,0.7920750000000001,0.467806019709071,0.490935499416347,18.5785412471413,1.85725310009293e-65,1.6217926950475e-63,138.118790250468,0.075107926341616,0.542913946050688,0.467806019709072,1,161275561,R,II,3'UTR,opensea,3'UTR-opensea,,True,,,,
cg21367256,-0.4342927173554926,MYT1,0.6949999999999998,0.6949999999999998,0.6949999999999998,0.6949999999999998,0.7172,0.7172,0.7182,0.7172,0.2205107707119995,0.2205107707119995,0.21592822881689186,0.2205107707119995,0.8462536873156342,0.8462536873156342,0.847433628318584,0.8462536873156342,92.5,92.5,80.0,90.5,93.0,93.0,77.5,91.0,89.0,88.0,73.5,87.0,93.0,92.0,75.5,90.0,0.8615421532554793,0.8429500000000003,-0.433482586838723,0.419580483319617,-21.5064912335818,4.2335660908648796e-83,8.76169006552335e-81,178.597369164329,0.80489833828737,0.371415751448647,-0.433482586838723,20,62795658,F,II,TSS200,opensea,TSS200-opensea,,,,,,
cg00765705,0.4796857496994409,NCOR2,0.6775,0.6775,0.6775,0.6775,0.69975,0.69975,0.7018,0.69975,0.24393902926756106,0.24393902926756106,0.23538532239712825,0.24393902926756106,0.8342771982116244,0.8342771982116244,0.8367213114754098,0.8342771982116244,100.0,98.5,88.5,96.5,100.0,100.0,88.0,98.0,100.0,101.0,87.0,99.0,100.0,101.0,89.0,99.0,0.7604916546685864,0.8223999999999998,0.395504371066355,0.699934864271573,23.6056052572518,2.98170582668807e-96,1.19714861213984e-93,208.784581858036,0.348375423323703,0.743879794390057,0.395504371066355,12,124865130,R,I,Body,opensea,Body-opensea,,True,,,,
cg23290344,0.4288500765601339,NEFM,0.575,0.575,0.575,0.575,0.6194,0.6194,0.6194,0.6194,0.30302640149003524,0.30302640149003524,0.30302640149003524,0.30302640149003524,0.7865396825396825,0.7865396825396825,0.7865396825396825,0.7865396825396825,130.0,129.0,121.0,126.0,129.0,128.0,118.0,124.0,127.0,126.0,117.0,122.0,128.0,127.0,118.0,123.0,0.8663947101797046,0.8441000000000001,0.386669699977106,0.470776147253705,20.3085070044719,9.15123065861551e-76,1.3176632130997e-73,161.765782832502,0.127069747274056,0.513739447251161,0.386669699977106,8,24771466,F,I,TSS1500,island,TSS1500-island,chr8:24770908-24772547,True,,,,
cg22881914,0.4466591993751312,NID2,0.7050000000000001,0.7050000000000001,0.6275,0.7050000000000001,0.7265999999999999,0.7265999999999999,0.65675,0.7265999999999999,0.20934421415458326,0.20934421415458326,0.2832953405899928,0.20934421415458326,0.8523167155425219,0.8523167155425219,0.8070660522273425,0.8523167155425219,89.0,88.0,105.5,86.0,88.0,87.0,106.0,85.0,81.0,81.0,108.0,80.0,88.0,87.0,107.0,85.0,0.8312536660800939,0.8488000000000001,0.409052663777572,0.582789344105066,13.8357899826356,1.30334910349056e-39,2.99312014631031e-38,78.8823096906372,0.21918697630278,0.628239640080352,0.409052663777572,14,52536147,R,II,TSS1500,island,TSS1500-island,chr14:52534581-52536722,True,,,,
cg18675097,0.4945698651826268,NKAPL,0.8200000000000001,0.8200000000000001,0.81,0.8200000000000001,0.8280000000000001,0.8280000000000001,0.8190000000000001,0.8280000000000001,0.12806248474865692,0.12806248474865692,0.13453624047073706,0.12806248474865692,0.90989010989011,0.90989010989011,0.9049723756906077,0.90989010989011,16.0,17.0,15.5,15.0,16.0,17.0,15.0,15.0,13.0,14.0,14.0,12.0,16.0,17.0,15.0,15.0,0.8369860822268437,0.865275,0.453410227690098,0.675737633362982,34.7527341235421,1.9505639864307003e-168,2.97595986958543e-164,374.488288757,0.272706319860673,0.726116547550771,0.453410227690098,6,28227127,F,I,5'UTR,island,5'UTR-island,chr6:28226979-28227483,,,,rs41269289,
cg23906738,0.442994940860537,NKX2-1,0.7374999999999998,0.7374999999999998,0.7374999999999998,0.7374999999999998,0.75235,0.75235,0.75235,0.75235,0.19800568173666136,0.19800568173666136,0.19800568173666136,0.19800568173666136,0.8660143884892086,0.8660143884892086,0.8660143884892086,0.8660143884892086,73.0,72.0,56.0,70.0,72.0,71.0,56.0,69.0,75.0,75.0,60.0,74.0,75.0,74.0,59.0,73.0,0.9181997547059136,0.8772250000000001,0.415804369718123,0.472538827094689,16.7675655799117,4.1037486965502296e-55,2.11436463472144e-53,114.397521449512,0.102934942900802,0.518739312618924,0.415804369718123,14,36987301,F,I,Body,island,Body-island,chr14:36986362-36990576,,,,rs2076736,
cg18952796,0.5074072153037721,NPTX2,0.7324999999999999,0.7324999999999999,0.675,0.7324999999999999,0.7503500000000001,0.7503500000000001,0.7000000000000001,0.7503500000000001,0.18935746618499094,0.18935746618499094,0.23584952830141506,0.18935746618499094,0.8662049062049063,0.8662049062049063,0.8358208955223881,0.8662049062049063,77.0,76.0,90.0,74.0,76.5,75.5,91.0,73.5,67.5,67.5,88.0,67.5,73.5,72.5,90.0,71.5,0.8838585826267795,0.8193500000000001,0.412387000836983,0.554905619832728,17.3652406219321,1.8030501636965802e-58,1.10762570878988e-56,122.094657218157,0.188339396866521,0.600726397703504,0.412387000836983,7,98246633,R,I,5'UTR,island,5'UTR-island,chr7:98245805-98247759,True,,,,
cg06880420,-0.4529622669276349,NR5A2,0.8900000000000001,0.8900000000000001,0.7725,0.7725,0.8918,0.8918,0.78475,0.78475,0.09219544457292884,0.09219544457292884,0.16509466981099058,0.16509466981099058,0.9437037037037037,0.9437037037037037,0.8854724964739069,0.8854724964739069,3.0,3.0,34.5,47.0,3.0,3.0,35.0,47.0,4.0,4.0,36.0,43.0,3.0,3.0,34.0,45.0,0.8249346771183278,0.913125,-0.453483227674061,0.355722468533559,-23.3586428019674,1.09245376739948e-94,4.08917559688726e-92,205.194710075197,0.758818670910501,0.305335443236441,-0.45348322767406,1,200119987,R,II,Body,shelf,Body-shelf,chr1:200116696-200117204,True,,,,
cg13315970,0.4059595788984656,NT5E,0.7525,0.7525,0.6924999999999999,0.7525,0.7659,0.7659,0.714,0.7659,0.18562394780846567,0.18562394780846567,0.22706001409319077,0.18562394780846567,0.8740656205420828,0.8740656205420828,0.8437223042836042,0.8740656205420828,64.0,64.0,82.0,62.0,63.0,63.0,81.5,62.0,62.0,62.0,81.0,62.0,64.0,64.0,83.0,63.0,0.8768730336479498,0.903925,0.388435628428387,0.493514308952475,14.8431585011406,9.67423588428882e-45,2.91214274618664e-43,90.628028055395,0.148238194793909,0.536673823222296,0.388435628428387,6,86159197,F,II,TSS200,shore,TSS200-shore,chr6:86159425-86160395,,,,rs76099537,
cg25547580,0.4787569417835628,ONECUT2,0.8374999999999999,0.8374999999999999,0.8374999999999999,0.8374999999999999,0.8441000000000001,0.8441000000000001,0.8441000000000001,0.8441000000000001,0.11491844934561202,0.11491844934561202,0.11491844934561202,0.11491844934561202,0.918748299319728,0.918748299319728,0.918748299319728,0.918748299319728,12.0,12.0,9.0,10.0,12.0,12.0,9.0,10.0,9.0,10.0,8.0,9.0,11.0,11.0,9.0,9.0,0.9070015464192394,0.931975,0.461626927220186,0.562106320192389,24.1397645534203,1.1997489544549e-99,5.70588335978866e-97,216.578552074899,0.151771273774445,0.613398200994632,0.461626927220186,18,55103734,F,I,1stExon,island,1stExon-island,chr18:55103154-55108853,,,,,
cg18710784,0.4134293453131063,OPCML,0.7774999999999999,0.7774999999999999,0.7875000000000001,0.7774999999999999,0.78725,0.78725,0.7981,0.78725,0.17322312201320006,0.17322312201320006,0.154778066921641,0.17322312201320006,0.8857946554149086,0.8857946554149086,0.8929790209790209,0.8857946554149086,45.5,45.5,25.5,42.5,48.0,48.0,25.5,44.0,48.0,48.0,25.5,47.0,47.0,47.0,25.5,43.0,0.819735508985229,0.768375,0.367406690215914,0.444992947804712,13.9879050875291,2.26434071549094e-40,5.42507304475315e-39,80.6224041377104,0.118409223168343,0.485815913384258,0.367406690215915,11,132813563,R,II,TSS1500,island,TSS1500-island,chr11:132813562-132814395,,,,,
cg07974511,0.4344037480333176,OTX1,0.8275000000000001,0.8275000000000001,0.8174999999999999,0.8275000000000001,0.8328,0.8328,0.8248499999999999,0.8328,0.13840610535666406,0.13840610535666406,0.13640472865703746,0.13840610535666406,0.9114090287277701,0.9114090287277701,0.90767537826685,0.9114090287277701,14.5,15.5,11.0,13.5,14.5,15.5,11.0,13.5,19.5,20.5,16.0,19.5,14.5,15.5,11.0,13.5,0.9018557030875062,0.9181999999999999,0.365093202314807,0.624103815535298,17.8410448580628,3.48548409247477e-61,2.45556667714075e-59,128.317644520121,0.299576524588803,0.66466972690361,0.365093202314807,2,63283013,F,I,Body,island,Body-island,chr2:63282514-63283122,,True,,rs61742369,
cg13023623,0.4054824709789184,OTX2,0.7349999999999999,0.7349999999999999,0.7349999999999999,0.7349999999999999,0.7518,0.7518,0.7518,0.7518,0.1913765920900464,0.1913765920900464,0.1913765920900464,0.1913765920900464,0.8666282420749281,0.8666282420749281,0.8666282420749281,0.8666282420749281,74.5,73.5,57.5,71.5,74.0,73.0,57.0,71.0,70.0,70.0,54.0,70.0,71.0,70.0,55.0,69.0,0.8352796885831598,0.9103999999999998,0.323527058684016,0.657583348007742,20.9201214591523,1.71682335850233e-79,2.9590416442387496e-77,170.317442609481,0.370003740288615,0.693530798972632,0.323527058684017,14,57276257,R,I,5'UTR,island,5'UTR-island,chr14:57274607-57276840,,,,,
cg18372607,0.4036397594747996,PAX6,0.8325,0.8325,0.8325,0.8325,0.8389499999999999,0.8389499999999999,0.8395,0.8389499999999999,0.12311072252245137,0.12311072252245137,0.11855905701379375,0.12311072252245137,0.9156343792633014,0.9156343792633014,0.9162346521145975,0.9156343792633014,13.0,13.5,10.0,11.5,13.0,13.5,10.0,11.5,12.0,12.5,9.0,10.5,13.0,13.5,10.0,11.5,0.853170159441156,0.7984499999999999,0.356956316803771,0.529967991564901,17.125235554664,4.08537880579993e-57,2.33376881869796e-55,118.987289211371,0.212673487739327,0.569629804543098,0.356956316803771,11,31827084,F,I,Body,shore,Body-shore,chr11:31827696-31827921,,,,,
cg26026748,-0.4384197575657546,PBX1,0.6775,0.7025000000000001,0.5475000000000001,0.7025000000000001,0.69325,0.7199,0.5899000000000001,0.7199,0.26926984606524357,0.23174608950314568,0.3463470080713849,0.23174608950314568,0.8265275707898659,0.8456975036710719,0.7623909531502424,0.8456975036710719,100.0,90.0,125.0,88.0,103.0,91.0,124.0,89.0,111.0,95.0,126.0,93.0,103.0,93.0,125.0,91.0,0.8317069268916975,0.8810750000000002,-0.318863918241127,0.191031163006657,-20.9679240555622,8.74644991775764e-80,1.5310221050853001e-77,170.989570015468,0.474465756998769,0.155601838757643,-0.318863918241126,1,164629875,F,II,Body,opensea,Body-opensea,,,True,,,
cg26444528,0.4216591455380172,PCDH17,0.7850000000000001,0.7850000000000001,0.76,0.7850000000000001,0.7964,0.7964,0.7728,0.7964,0.15305227865013965,0.15305227865013965,0.1788854381999832,0.15305227865013965,0.8923249299719888,0.8923249299719888,0.8781818181818182,0.8923249299719888,37.5,38.5,41.5,36.5,36.0,37.0,42.0,35.0,31.0,31.0,42.0,31.0,34.0,35.0,43.0,34.0,0.8355996373913506,0.8665499999999999,0.384058862358559,0.579677595789986,26.4646290408467,1.3797657896845499e-114,1.45782384154806e-111,250.873564017339,0.238291940360156,0.622350802718715,0.384058862358559,13,58207859,R,I,1stExon,island,1stExon-island,chr13:58206526-58208930,,,high-CpG:57105859-57105866,,
cg15215348,0.4293559190155941,PDE4C,0.7124999999999999,0.7124999999999999,0.7124999999999999,0.7124999999999999,0.72615,0.72615,0.72615,0.72615,0.23527908959361438,0.23527908959361438,0.23527908959361438,0.23527908959361438,0.8480583941605839,0.8480583941605839,0.8480583941605839,0.8480583941605839,85.5,85.0,67.0,83.0,89.0,88.0,71.0,86.0,97.0,98.0,86.0,96.0,91.0,90.0,74.0,88.0,0.9100943848984162,0.847575,0.344120185824089,0.754755913775948,25.1941583116127,2.1484329214980101e-106,1.47120597884477e-103,232.066690226845,0.448871304154537,0.792991489978624,0.344120185824088,19,18344520,R,I,5'UTR,shore,5'UTR-shore,chr19:18343496-18344196,,,,,
cg04127342,0.4123518332086957,PENK,0.815,0.815,0.815,0.815,0.8234,0.8234,0.8234,0.8234,0.1320037878244408,0.1320037878244408,0.1320037878244408,0.1320037878244408,0.9073278236914601,0.9073278236914601,0.9073278236914601,0.9073278236914601,17.0,18.0,12.5,16.0,17.0,18.0,13.0,16.0,14.0,15.0,12.0,13.0,17.0,18.0,13.0,16.0,0.8685010398336265,0.9111999999999999,0.387232880407288,0.528369444220385,17.8186923787713,4.68310056930452e-61,3.27630643515378e-59,128.02348328357,0.184162439413908,0.571395319821195,0.387232880407287,8,57358130,R,II,Body,island,Body-island,chr8:57358126-57359415,True,,,,
cg06974428,-0.4315115704459594,PIP4K2A,0.7250000000000001,0.7250000000000001,0.7050000000000001,0.7250000000000001,0.7424999999999999,0.7424999999999999,0.7265999999999999,0.7424999999999999,0.20155644370746376,0.20155644370746376,0.20934421415458326,0.20155644370746376,0.8608695652173912,0.8608695652173912,0.8523167155425219,0.8608695652173912,83.0,82.0,71.5,80.0,82.0,81.0,70.0,79.0,76.0,76.0,67.0,75.0,80.0,79.0,70.0,77.0,0.8138431184343837,0.8849500000000002,-0.425564371206776,0.446203697731107,-17.82182063294,4.4935178002597004e-61,3.1471374218297003e-59,128.064640894875,0.824483138803797,0.398918767597021,-0.425564371206776,10,22972299,R,II,Body,opensea,Body-opensea,,,True,,,
cg05835105,0.416482823324621,PITX2,0.81,0.81,0.81,0.81,0.8188000000000001,0.8188000000000001,0.8188000000000001,0.8188000000000001,0.13601470508735442,0.13601470508735442,0.13601470508735442,0.13601470508735442,0.9047513812154697,0.9047513812154697,0.9047513812154697,0.9047513812154697,19.0,20.0,15.5,19.0,19.0,20.0,16.0,19.0,16.0,17.0,15.0,16.0,19.0,20.0,16.0,19.0,0.9195328747400414,0.9191249999999999,0.437660371371513,0.554690735888231,17.5511914804484,1.58360936279736e-59,1.0279527467431199e-57,124.516927987972,0.165659294669108,0.603319666040621,0.437660371371513,4,111543401,R,I,Body,island,Body-island,chr4:111542062-111544464,,,,,
cg06083330,0.4121896487729275,POU4F2,0.5699999999999998,0.5699999999999998,0.5900000000000001,0.5825,0.6072,0.6072,0.6188,0.6182,0.3324154027718933,0.3324154027718933,0.3324154027718932,0.32079004036908626,0.7735031847133759,0.7735031847133759,0.7783647798742138,0.7812954186413902,131.0,130.0,118.0,125.0,132.0,131.0,119.0,125.0,130.0,129.0,120.0,125.0,132.0,131.0,120.0,125.0,0.8318135764944274,0.8567250000000003,0.424283338242576,0.48409973362712,20.8499662399346,4.61491981146134e-79,7.81632575154093e-77,169.331983250423,0.106958988522607,0.531242326765184,0.424283338242577,4,147561203,F,I,Body,island,Body-island,chr4:147559205-147561901,,True,,,
cg17302155,0.4285153524785808,PRDM13,0.8075000000000001,0.8075000000000001,0.7549999999999999,0.8075000000000001,0.81545,0.81545,0.77,0.81545,0.14545188207788853,0.14545188207788853,0.17327723451163457,0.14545188207788853,0.9022959889349931,0.9022959889349931,0.8774928774928775,0.9022959889349931,22.5,23.0,46.5,21.5,22.5,23.0,44.0,22.0,28.5,29.0,40.0,28.0,22.5,23.0,44.0,22.0,0.860235695622034,0.8622749999999999,0.412831569086069,0.465557739923364,18.4083750745727,1.82737429355097e-64,1.5225045547599198e-62,135.84124858096,0.0985963451801928,0.511427914266261,0.412831569086068,6,100061111,F,I,Body,island,Body-island,chr6:100060979-100062657,True,,,,
cg03306374,0.4777680335923462,PRKCB,0.7925,0.7925,0.7925,0.7925,0.8027000000000001,0.8027000000000001,0.8027000000000001,0.8027000000000001,0.15051993223490362,0.15051993223490362,0.15051993223490362,0.15051993223490362,0.8956206415620642,0.8956206415620642,0.8956206415620642,0.8956206415620642,35.0,35.0,23.0,34.0,33.0,33.0,23.0,32.0,30.0,30.0,24.0,29.0,33.0,33.0,23.0,32.0,0.9088679144670188,0.8975750000000002,0.44784153009814,0.517902272148747,15.6633194017663,4.4828315165356694e-49,1.7027036900334402e-47,100.557477810954,0.119820912061512,0.567662442159652,0.44784153009814,16,23847325,R,I,1stExon,island,1stExon-island,chr16:23846941-23848102,True,,high-CpG:23754772-23755017,,
cg27494647,0.4199243365622295,RARRES2,0.6125,0.6125,0.5924999999999998,0.6125,0.6446000000000001,0.6446000000000001,0.6320999999999999,0.6446000000000001,0.2931829633522384,0.2931829633522384,0.2947138442625321,0.2931829633522384,0.7995038759689923,0.7995038759689923,0.7938461538461538,0.7995038759689923,122.0,122.0,117.0,118.0,124.0,123.0,116.0,119.0,123.0,122.0,112.0,119.0,124.0,123.0,115.0,119.0,0.7843811656801578,0.8388749999999999,0.370545457678151,0.623712137135612,20.949658590427,1.13181098455945e-79,1.9739311438665697e-77,170.73268677734,0.294338396977256,0.664883854655406,0.37054545767815,7,150038898,F,I,TSS200,island,TSS200-island,chr7:150037459-150039031,True,,,,
cg08047457,0.4358567592324423,RASSF1,0.5225,0.5225,0.4900000000000002,0.4900000000000002,0.5795,0.5795,0.5508000000000001,0.5508000000000001,0.3376481156470446,0.3376481156470446,0.37215588131856786,0.37215588131856786,0.761247947454844,0.761247947454844,0.7393288590604027,0.7393288590604027,135.0,133.0,131.0,132.0,134.0,133.0,130.0,132.0,132.0,131.0,129.0,131.0,133.0,132.0,130.0,132.0,0.755079187330027,0.7907250000000002,0.286468887449837,0.491927561394773,10.6236102494833,6.46340528214589e-25,6.44116484540923e-24,45.2900825088727,0.237288550328251,0.523757437778089,0.286468887449838,3,50378413,R,II,TSS200,island,TSS200-island,chr3:50377803-50378540,True,,,,
cg17264670,0.4215967305813436,RGS17,0.6124999999999998,0.46499999999999986,0.46499999999999986,0.46499999999999986,0.6498499999999999,0.519,0.519,0.519,0.27469301046804967,0.4221670285562339,0.4221670285562339,0.4221670285562339,0.806015503875969,0.7085324232081912,0.7085324232081912,0.7085324232081912,123.0,135.0,132.0,134.0,122.0,135.0,132.0,134.0,114.0,135.0,132.0,134.0,121.0,135.0,132.0,134.0,0.8905241827974192,0.8234999999999999,0.398651771648378,0.477686702158197,13.9994262100156,1.982239253112e-40,4.76375526341085e-39,80.7546967185905,0.123329571804082,0.521981343452461,0.398651771648379,6,153452732,F,I,TSS1500,island,TSS1500-island,chr6:153450992-153452792,,,,rs12174180,
cg05374271,0.4224063692846617,RGS2,0.5325,0.5325,0.5325,0.5325,0.58275,0.58275,0.58275,0.58275,0.3435931460317566,0.3435931460317566,0.3435931460317566,0.3435931460317566,0.7605220228384992,0.7605220228384992,0.7605220228384992,0.7605220228384992,134.0,132.0,128.0,130.0,133.0,132.0,127.0,129.0,133.0,132.0,124.0,127.0,134.0,133.0,126.0,128.0,0.6829040686823442,0.7022999999999999,0.378952526467358,0.675027041840768,18.1795116074784,3.89786211138018e-63,3.03415155124278e-61,132.793081827894,0.338180351647563,0.717132878114919,0.378952526467356,1,192778890,F,II,Body,shore,Body-shore,chr1:192777632-192778198,,,,,
cg03348397,0.4074979629590625,RGS20,0.6575,0.6575,0.6600000000000001,0.6575,0.67445,0.67445,0.684,0.67445,0.28880140235116586,0.28880140235116586,0.26,0.28880140235116586,0.813815987933635,0.813815987933635,0.8240963855421687,0.813815987933635,106.0,105.0,95.0,103.0,107.0,107.0,95.0,105.0,121.0,121.0,97.0,118.0,113.0,114.0,95.0,112.0,0.7354023356262998,0.7576000000000002,0.42078920551963,0.545110704184294,17.6314581151585,5.52055233544509e-60,3.67609223715515e-58,125.566414281514,0.171075854833511,0.591865060353142,0.42078920551963,8,54789648,R,II,Body,island,Body-island,chr8:54789581-54790665,,,,,
cg24848035,0.4359278126134535,RGS22,0.7974999999999999,0.7974999999999999,0.7974999999999999,0.7974999999999999,0.80775,0.80775,0.80775,0.80775,0.14320003491619687,0.14320003491619687,0.14320003491619687,0.14320003491619687,0.8987482614742699,0.8987482614742699,0.8987482614742699,0.8987482614742699,30.0,30.0,19.0,29.0,29.0,29.0,19.0,28.0,25.0,26.0,19.0,25.0,28.0,28.0,19.0,26.0,0.9039087079400628,0.87685,0.397815206520279,0.589097407861623,24.4621902682092,1.05151950171455e-101,5.58598499864165e-99,221.30107857112,0.235483890954709,0.633299097474988,0.397815206520279,8,101118525,F,I,TSS200,island,TSS200-island,chr8:101117922-101118693,,True,,rs2980532,
cg04191427,0.4320029630966885,RPTOR,0.5549999999999999,0.48,0.3325,0.48,0.5711999999999999,0.5412,0.44175000000000003,0.5412,0.4069705149024927,0.3847076812334269,0.4765041972532876,0.3847076812334269,0.7346623794212218,0.7313513513513514,0.6630393996247655,0.7313513513513514,133.0,134.0,136.0,133.0,135.0,134.0,133.0,133.0,135.0,134.0,133.0,132.0,135.0,134.0,133.0,133.0,0.7513997760358342,0.6931999999999999,0.448246132257969,0.653636449944359,23.2702912038062,3.95321313443951e-94,1.44429733082119e-91,203.91263437771,0.255195443492832,0.7034415757508,0.448246132257968,17,78833259,R,II,Body,shore,Body-shore,chr17:78831505-78831864,True,,,,
cg22877509,0.4298632268460982,RUSC1,0.6875,0.6875,0.6950000000000001,0.6875,0.7061,0.7061,0.7130000000000001,0.7061,0.24587852691929,0.24587852691929,0.23879907872519104,0.24587852691929,0.8368592592592592,0.8368592592592592,0.8412979351032449,0.8368592592592592,95.0,95.0,78.0,93.0,96.0,96.0,83.0,94.0,101.0,102.0,89.0,100.0,99.0,99.0,85.0,97.0,0.8024049485415666,0.8225,0.389065989909023,0.512550388044495,15.5732665654372,1.36135080214889e-48,5.0300349414708505e-47,99.4520510424581,0.166713952569809,0.555779942478831,0.389065989909022,1,155290607,R,II,TSS200,island,TSS200-island,chr1:155290606-155291001,True,,,,
cg07790615,0.4607797405039828,RYR2,0.71,0.71,0.71,0.71,0.731,0.731,0.731,0.731,0.20518284528683195,0.20518284528683195,0.20518284528683195,0.20518284528683195,0.8549707602339182,0.8549707602339182,0.8549707602339182,0.8549707602339182,87.5,86.5,69.0,84.5,86.0,85.0,67.0,83.0,79.0,79.0,63.0,78.0,85.0,85.0,67.0,83.0,0.8771929824561402,0.8685999999999998,0.476049756628038,0.501618298582815,18.6477023370843,7.31394243088159e-66,6.50887975691588e-64,139.047121835604,0.0784629593578915,0.55451271598593,0.476049756628039,1,237205174,R,I,TSS1500,island,TSS1500-island,chr1:237205126-237206644,True,,,,
cg01146232,0.414785832113489,SALL1,0.6825000000000001,0.6825000000000001,0.6825000000000001,0.6825000000000001,0.70425,0.70425,0.70425,0.70425,0.2393872385905314,0.2393872385905314,0.2393872385905314,0.2393872385905314,0.837147102526003,0.837147102526003,0.837147102526003,0.837147102526003,97.5,97.0,86.5,95.0,97.0,97.0,86.0,95.0,98.0,99.0,90.0,97.0,97.0,97.0,86.0,95.0,0.7155655095184771,0.84235,0.44272562299597,0.565351154120496,18.4342556000232,1.29142963614921e-64,1.08330980010764e-62,136.18703274917,0.171817267012967,0.614542890008937,0.44272562299597,16,51185147,F,II,TSS1500,island,TSS1500-island,chr16:51183699-51188763,True,,,,
cg00800229,0.4170144328972746,SALL2,0.7149999999999999,0.7149999999999999,0.6425000000000001,0.7149999999999999,0.7334999999999999,0.7334999999999999,0.6707,0.7334999999999999,0.21029740844813094,0.21029740844813094,0.2672194790803994,0.21029740844813094,0.8553935860058309,0.8553935860058309,0.8166818873668188,0.8553935860058309,84.0,83.5,97.5,81.5,84.0,84.0,99.5,82.0,82.0,82.0,100.5,81.0,84.0,84.0,100.5,82.0,0.8851383778595426,0.8424250000000003,0.396386483613093,0.430507493318022,17.10218256387,5.50692370668947e-57,3.1256954776437796e-55,118.689968808816,0.0781639523286057,0.474550435941699,0.396386483613093,14,22004993,F,I,1stExon,opensea,1stExon-opensea,,,True,,,
cg10717463,0.4187231110057968,SALL3,0.885,0.885,0.885,0.885,0.885,0.8869,0.8869,0.8869,0.11499999999999999,0.09708243919473797,0.09708243919473797,0.09708243919473797,0.9389920424403183,0.9410079575596817,0.9410079575596817,0.9410079575596817,4.0,4.0,1.0,3.0,4.0,4.0,1.0,3.0,10.0,5.0,2.0,4.0,4.0,4.0,1.0,3.0,0.8733802591585347,0.876725,0.419224511088933,0.544238967805206,20.2927260570948,1.14054393719862e-75,1.6323815765782702e-73,161.546349067838,0.171594957948376,0.59081946903731,0.419224511088933,18,76740962,R,II,Body,island,Body-island,chr18:76737005-76741244,,,,,
cg05047401,0.4116722002634556,SEMA4A,0.74,0.74,0.7549999999999999,0.74,0.752,0.752,0.7682,0.752,0.20880613017821098,0.20880613017821098,0.1833712082089225,0.20880613017821098,0.864367816091954,0.864367816091954,0.8754415954415955,0.864367816091954,70.5,69.5,46.5,67.5,73.0,72.0,47.0,70.0,80.0,80.0,47.0,79.0,77.0,76.0,46.0,74.0,0.8317602516930624,0.7727499999999998,0.330981504252263,0.684427930452022,25.3960305186157,1.08262167682188e-107,8.01819044346472e-105,235.045608805443,0.390222148894455,0.721203653146717,0.330981504252263,1,156131213,F,I,Body,opensea,Body-opensea,,True,True,,,
cg27267227,0.4159700245189376,SEZ6L2,0.3425,0.3425,0.3425,0.3425,0.4277,0.4277,0.4277,0.4277,0.5117677695986725,0.5117677695986725,0.5117677695986725,0.5117677695986725,0.6371694599627561,0.6371694599627561,0.6371694599627561,0.6371694599627561,137.0,137.0,134.0,136.0,136.0,136.0,134.0,135.0,136.0,136.0,134.0,135.0,136.0,136.0,134.0,135.0,0.8640217565189571,0.7729999999999999,0.348008356017644,0.603193433223085,15.6892395115162,3.25391653520321e-49,1.24560277660258e-47,100.876329776895,0.293852672318511,0.641861028336157,0.348008356017646,16,29888023,R,I,Body,island,Body-island,chr16:29887788-29888316,True,True,,,
cg05164933,0.4030112585731727,SFRP2,0.7825,0.7875000000000001,0.7875000000000001,0.7875000000000001,0.7919499999999999,0.7981,0.7981,0.7981,0.16854153790683174,0.154778066921641,0.154778066921641,0.154778066921641,0.8885834502103787,0.8929790209790209,0.8929790209790209,0.8929790209790209,40.5,36.5,25.5,35.0,41.0,35.0,25.5,34.0,45.0,33.0,25.5,33.0,42.0,34.0,25.5,33.0,0.8983096037967256,0.8630500000000002,0.391676470771913,0.472214661293118,15.8629147416344,3.7735757742524e-50,1.51317135464957e-48,103.020468113953,0.124057798384751,0.515734269156664,0.391676470771913,4,154710418,F,I,TSS200,island,TSS200-island,chr4:154709512-154710827,,,,rs74549610,
cg18582992,0.4591488993733282,SHF,0.8999999999999999,0.8999999999999999,0.7450000000000001,0.8999999999999999,0.9016000000000001,0.9016000000000001,0.756,0.9016000000000001,0.08246211251235318,0.08246211251235318,0.20742468512691536,0.08246211251235318,0.9490526315789475,0.9490526315789475,0.8664756446991404,0.9490526315789475,2.0,2.0,52.0,2.0,2.0,2.0,54.5,2.0,2.0,2.0,65.0,2.0,2.0,2.0,56.0,2.0,0.8006718924972004,0.9006500000000001,0.382918437540597,0.517229714312411,16.5725238277244,4.96224255536809e-54,2.42500120716997e-52,111.915977965537,0.176857769831881,0.559776207372478,0.382918437540597,15,45479642,F,I,Body,island,Body-island,chr15:45479509-45480498,True,,,,
cg27252696,0.4868460040183076,SIM1,0.73,0.73,0.6825000000000001,0.73,0.7475999999999999,0.7475999999999999,0.70395,0.7475999999999999,0.19416487838947602,0.19416487838947602,0.2406371750166628,0.19416487838947602,0.8642774566473987,0.8642774566473987,0.8367904903417532,0.8642774566473987,80.0,79.0,86.5,77.0,78.0,77.0,87.0,75.0,73.0,73.0,91.0,72.0,78.0,77.0,88.0,75.0,0.82829413960433,0.8550499999999999,0.416445226720072,0.519435927880745,16.5014362069408,1.22622385799833e-53,5.86396668241346e-52,111.015347720122,0.149262393018459,0.565707619738531,0.416445226720072,6,100912940,R,I,TSS1500,island,TSS1500-island,chr6:100912071-100913337,True,,,,
cg13019491,0.4293435468802503,SIX6,0.7774999999999999,0.7774999999999999,0.7774999999999999,0.7774999999999999,0.7847999999999999,0.7847999999999999,0.7847999999999999,0.7847999999999999,0.1868321439153338,0.1868321439153338,0.1868321439153338,0.1868321439153338,0.8830379746835443,0.8830379746835443,0.8830379746835443,0.8830379746835443,45.5,45.5,30.0,42.5,49.0,49.0,34.0,46.0,63.0,63.0,51.0,63.0,51.0,51.0,39.0,50.0,0.8659947741694661,0.8463249999999999,0.381356653519993,0.513443820617079,18.4185354343554,1.59460684393237e-64,1.3317708041016398e-62,135.97697285902,0.174460128599307,0.555816782119301,0.381356653519994,14,60977856,R,I,Body,island,Body-island,chr14:60975732-60978180,,,,,
cg14777768,0.4739853415029071,SLC2A2,0.7675000000000001,0.7675000000000001,0.7675000000000001,0.7675000000000001,0.7778499999999999,0.7778499999999999,0.7778499999999999,0.7778499999999999,0.1826369349282888,0.1826369349282888,0.1826369349282888,0.1826369349282888,0.88016973125884,0.88016973125884,0.88016973125884,0.88016973125884,54.0,54.0,39.0,52.0,54.0,54.0,40.0,53.0,55.0,55.0,45.0,54.0,54.0,54.0,40.0,53.0,0.8432784087879271,0.8296999999999999,0.459941089672287,0.559738894451426,20.242396948202,2.30103786769798e-75,3.2494215720509704e-73,160.846946628508,0.150902370298283,0.610843459970569,0.459941089672286,3,170746265,F,II,TSS1500,island,TSS1500-island,chr3:170746072-170746292,True,True,,,
cg14502484,0.4604746658905929,SLC6A3,0.7549999999999999,0.7549999999999999,0.7725,0.7549999999999999,0.7695,0.7695,0.7854,0.7695,0.17613914953808538,0.17613914953808538,0.16110943485718024,0.17613914953808538,0.8769230769230769,0.8769230769230769,0.8862059238363893,0.8769230769230769,61.5,61.5,34.5,60.0,60.0,60.0,33.0,59.0,51.0,51.0,31.0,50.0,60.0,60.0,33.0,59.0,0.8470111448834853,0.8688750000000001,0.378089064196116,0.44274573231537,17.2622883599216,6.894278982286171e-58,4.100478048121839e-56,120.759068081884,0.106666564141044,0.48475562833716,0.378089064196116,5,1446208,F,I,TSS1500,island,TSS1500-island,chr5:1444678-1446648,True,,,rs2735852,
cg16727923,0.4765600031664697,SLITRK1,0.7949999999999999,0.7949999999999999,0.7949999999999999,0.7949999999999999,0.8055,0.8055,0.8055,0.8055,0.14499999999999996,0.14499999999999996,0.14499999999999996,0.14499999999999996,0.8974930362116992,0.8974930362116992,0.8974930362116992,0.8974930362116992,33.0,33.0,21.0,32.0,31.5,31.5,20.5,30.5,26.5,27.5,20.5,26.5,29.5,29.5,20.5,28.5,0.8792193249080147,0.893275,0.455276805552279,0.593169241520743,21.9331605446449,9.58350355100001e-86,2.2550084361092397e-83,184.668105627236,0.188478747696494,0.643755553248774,0.45527680555228,13,84453665,R,II,1stExon,island,1stExon-island,chr13:84453664-84453897,,True,,,
cg25025181,-0.4061473416905498,SMYD3,0.6699999999999999,0.6699999999999999,0.5825,0.6699999999999999,0.6942,0.6942,0.6137,0.6942,0.24596747752497686,0.24596747752497686,0.33452391543804455,0.24596747752497686,0.8313772455089821,0.8313772455089821,0.775608214849921,0.8313772455089821,103.0,101.5,119.0,99.5,101.0,102.0,121.0,100.0,102.0,103.0,122.0,101.0,101.0,102.0,121.0,100.0,0.8751399776035835,0.85735,-0.449846398808101,0.406193793485588,-18.3476639162073,4.12196538924579e-64,3.36374070317136e-62,135.030961943765,0.806057259092789,0.356210860284688,-0.449846398808101,1,246378510,R,II,Body,opensea,Body-opensea,,True,True,,,
cg24604013,0.4474862326192531,SOX1,0.6475,0.6475,0.5549999999999999,0.6475,0.67855,0.67855,0.5984999999999999,0.67855,0.24931155207891995,0.24931155207891995,0.33320414163092277,0.24931155207891995,0.823732928679818,0.823732928679818,0.7697749196141478,0.823732928679818,107.0,107.0,123.0,105.0,106.0,106.0,123.0,104.0,103.0,104.0,121.0,102.0,106.0,105.0,123.0,103.0,0.8348530901722392,0.8412500000000002,0.418723744702312,0.515534232382328,27.7145984976284,1.07804856354754e-122,1.6317163383095002e-119,269.485398491079,0.143335348202495,0.562059092904808,0.418723744702313,13,112721325,F,I,TSS1500,island,TSS1500-island,chr13:112720564-112723582,,,,,
cg08044097,0.4365891150082542,SOX17,0.7974999999999999,0.7974999999999999,0.7224999999999999,0.7974999999999999,0.80115,0.80115,0.7413,0.80115,0.18359261967737153,0.18359261967737153,0.19851007531105322,0.18359261967737153,0.8914047287899862,0.8914047287899862,0.8607256894049347,0.8914047287899862,30.0,30.0,63.0,29.0,34.0,34.0,63.0,33.0,58.0,58.0,61.0,57.0,36.0,37.0,62.0,36.0,0.8251479763237882,0.8763749999999999,0.434294450247343,0.571511439125513,23.0595532987752,8.45469026878404e-93,2.90506222876716e-90,200.859482404421,0.185471927794542,0.619766378041885,0.434294450247343,8,55371013,R,II,Body,island,Body-island,chr8:55370170-55372525,,True,,,
cg15341350,0.4220746902387799,SRRM4,0.8050000000000002,0.8050000000000002,0.7025000000000001,0.8050000000000002,0.8142,0.8142,0.71955,0.8142,0.14008925726121896,0.14008925726121896,0.23325147373596591,0.14008925726121896,0.9021606648199445,0.9021606648199445,0.8452863436123348,0.9021606648199445,26.0,26.0,74.0,24.0,24.0,24.0,76.0,23.0,22.0,23.0,84.0,22.0,24.0,24.0,80.0,23.0,0.8229616594678184,0.7897250000000001,0.401499084597591,0.493775710276651,16.4940803221298,1.34639942651257e-53,6.4265762540195904e-52,110.922271739076,0.136887635078793,0.538386719676384,0.40149908459759,12,119446891,F,II,Body,opensea,Body-opensea,,,,,,
cg23248887,0.4561639823427814,SSTR1,0.7675000000000001,0.7675000000000001,0.7450000000000001,0.7675000000000001,0.7797000000000001,0.7797000000000001,0.7612,0.7797000000000001,0.1722099009929452,0.1722099009929452,0.18062391868188443,0.1722099009929452,0.8822630834512023,0.8822630834512023,0.8724355300859599,0.8822630834512023,54.0,54.0,52.0,52.0,53.0,53.0,51.0,52.0,47.0,47.0,43.0,46.0,52.0,52.0,51.0,51.0,0.8483176025169306,0.828125,0.397519894821238,0.585896415842393,18.9354059756383,1.49136178743874e-67,1.4477976254778501e-65,142.925053174259,0.232545398223515,0.630065293044753,0.397519894821238,14,38679643,F,I,Body,island,Body-island,chr14:38678245-38680937,True,,,,
cg07676859,0.4097760667478492,SSTR4,0.6425000000000001,0.6375,0.6375,0.6375,0.66825,0.6666,0.6666,0.6666,0.2762358593665927,0.2705665352551938,0.2705665352551938,0.2705665352551938,0.8136986301369863,0.8141679389312977,0.8141679389312977,0.8141679389312977,110.0,114.5,102.0,111.5,112.0,113.5,102.0,111.5,115.0,113.5,103.0,111.5,114.0,112.5,102.0,110.5,0.7803818055777743,0.821875,0.371203372208933,0.502321494593063,14.6600478587779,8.598234311047399e-44,2.4634299749287398e-42,88.4548923385765,0.172362941518455,0.543566313727389,0.371203372208933,20,23015932,R,I,TSS200,island,TSS200-island,chr20:23015716-23016879,,,,,
cg00764217,0.4249343816971483,ST7,0.6225,0.6225,0.6225,0.6225,0.6555000000000001,0.6555000000000001,0.6555000000000001,0.6555000000000001,0.27659763194937154,0.27659763194937154,0.27659763194937154,0.27659763194937154,0.8080123266563946,0.8080123266563946,0.8080123266563946,0.8080123266563946,121.0,121.0,109.5,117.0,120.5,120.5,107.0,117.0,116.0,116.0,105.0,114.0,119.0,120.0,106.0,117.0,0.8634885085053059,0.9209,0.46189387440424,0.648143940151642,25.8311827547795,1.70507009538626e-110,1.45492830199668e-107,241.479732933649,0.237571607347872,0.699465481752113,0.461893874404241,7,116660240,R,II,Body,opensea,Body-opensea,,,True,,,
cg17437939,0.4393579922747028,TAC1,0.7549999999999999,0.7549999999999999,0.7549999999999999,0.7549999999999999,0.7682,0.7682,0.7682,0.7682,0.1833712082089225,0.1833712082089225,0.1833712082089225,0.1833712082089225,0.8754415954415955,0.8754415954415955,0.8754415954415955,0.8754415954415955,61.5,61.5,46.5,60.0,61.5,61.5,47.0,60.5,56.5,56.5,47.0,55.5,61.5,61.5,46.0,60.5,0.8292273236282194,0.8911,0.437729259111934,0.598536762211585,19.6728228950646,6.18724600596819e-72,7.374868541670009e-70,152.978086376594,0.20944408744542,0.647173346557355,0.437729259111935,7,97361252,R,II,TSS200,island,TSS200-island,chr7:97361132-97363018,,,,,
cg17578639,-0.4127899605822638,TBL1XR1,0.6375,0.6375,0.6375,0.6375,0.67035,0.67035,0.67035,0.67035,0.2563323038557568,0.2563323038557568,0.2563323038557568,0.2563323038557568,0.8187480916030535,0.8187480916030535,0.8187480916030535,0.8187480916030535,115.0,114.5,102.0,111.5,111.0,111.0,101.0,109.0,105.0,106.0,96.0,104.0,108.0,108.0,98.0,106.0,0.7804884551805045,0.7838750000000001,-0.346264877255455,0.304054836231555,-20.7925455005578,1.03581585148723e-78,1.72224930044382e-76,168.526257607994,0.611845838236404,0.265580960980948,-0.346264877255455,3,176862949,R,II,5'UTR,opensea,5'UTR-opensea,,,,low-CpG:178344951-178345723,,
cg02177231,0.4675949947103399,TBX15,0.7875000000000001,0.7875000000000001,0.7675000000000001,0.7999999999999998,0.79665,0.79665,0.7809999999999999,0.8083999999999999,0.16387876616572386,0.16387876616572386,0.16448784149595985,0.1523154621172782,0.8913566433566433,0.8913566433566433,0.8837340876944836,0.8982222222222221,36.0,36.5,39.0,27.0,35.0,36.0,38.0,27.0,41.0,42.0,35.0,30.0,37.0,38.0,37.0,27.0,0.9283314669652855,0.8731499999999999,0.467474229525542,0.624725767915015,23.1460239041994,2.40808766098266e-93,8.504629814027671e-91,202.111417436946,0.209193119447868,0.676667348973409,0.467474229525541,1,119529930,F,II,5'UTR,island,5'UTR-island,chr1:119529819-119530712,,True,,,
cg17080882,0.4083699754887721,TGFBR3,0.6949999999999998,0.6949999999999998,0.6949999999999998,0.6949999999999998,0.7182,0.7182,0.7182,0.7182,0.21592822881689186,0.21592822881689186,0.21592822881689186,0.21592822881689186,0.847433628318584,0.847433628318584,0.847433628318584,0.847433628318584,92.5,92.5,80.0,90.5,92.0,92.0,77.5,90.0,87.0,86.0,73.5,85.0,92.0,91.0,75.5,89.0,0.8089105743081109,0.758625,0.368366572579645,0.737609706365001,25.3643427427945,1.7309320578014698e-107,1.26022607406203e-104,234.577749469026,0.410172752960874,0.778539325540517,0.368366572579643,1,92191625,F,II,Body,opensea,Body-opensea,,,True,,rs80015193,
cg14861089,0.4393373722602025,TLX1,0.8125,0.8125,0.7525,0.8125,0.8211,0.8211,0.7665,0.8211,0.13400093283257397,0.13400093283257397,0.1823629622483689,0.13400093283257397,0.9060413793103449,0.9060413793103449,0.8747503566333809,0.9060413793103449,18.0,19.0,49.0,17.5,18.0,19.0,49.0,18.0,15.0,16.0,44.0,15.0,18.0,19.0,48.0,18.0,0.806910894256919,0.8674249999999999,0.412250612780227,0.529018794452918,15.8659115495825,3.63544697772588e-50,1.45947067949178e-48,103.057582538038,0.162573805314939,0.574824418095165,0.412250612780227,10,102895043,R,I,Body,island,Body-island,chr10:102893660-102895059,,,,,
cg24932457,0.4463004554754259,TNR,0.7625,0.7625,0.71,0.7625,0.77315,0.77315,0.7303999999999999,0.77315,0.18736661922551734,0.18736661922551734,0.20808652046684814,0.18736661922551734,0.8773333333333334,0.8773333333333334,0.8542690058479532,0.8773333333333334,57.0,57.0,69.0,55.0,58.0,58.0,68.0,56.0,64.0,64.0,66.0,64.0,59.0,59.0,68.0,58.0,0.7970724684050552,0.774275,0.402911505130412,0.661677572611834,20.2770709397966,1.41891064938687e-75,2.0209303832004802e-73,161.328727404111,0.303534012495911,0.706445517626325,0.402911505130413,1,175568559,R,I,5'UTR,island,5'UTR-island,chr1:175568376-175568808,,,,,
cg01009664,0.4648776933199725,TRH,0.5924999999999998,0.5924999999999998,0.5125,0.5125,0.6320999999999999,0.6320999999999999,0.56875,0.56875,0.2947138442625321,0.2947138442625321,0.35377429245212266,0.35377429245212266,0.7938461538461538,0.7938461538461538,0.7520661157024793,0.7520661157024793,129.0,128.0,129.0,131.0,127.0,126.0,129.0,131.0,125.0,124.0,127.0,129.0,126.0,125.0,128.0,130.0,0.8734069215592171,0.815875,0.442509749497593,0.666573821763034,23.9062483706951,3.6769643999873205e-98,1.61204458889237e-95,213.166538590324,0.273231822209618,0.715741571707211,0.442509749497593,3,129693613,F,II,5'UTR,island,5'UTR-island,chr3:129693127-129694841,,True,,rs5656,
cg05741937,0.4015672779177825,TXNRD1,0.78,0.78,0.6949999999999998,0.78,0.7912,0.7912,0.7174999999999999,0.7912,0.16124515496597097,0.16124515496597097,0.2191460700081113,0.16124515496597097,0.8889887640449439,0.8889887640449439,0.8466076696165191,0.8889887640449439,43.0,43.0,80.0,39.0,42.5,42.5,80.0,39.5,39.5,40.5,75.0,39.5,40.5,41.5,78.0,38.5,0.9318775662560658,0.8497750000000001,0.370971479354846,0.600380823911618,16.0917911777691,2.16281251534752e-51,9.2909836472733e-50,105.866269281865,0.270628397818422,0.641599877173268,0.370971479354846,12,104609797,R,II,Body,island,Body-island,chr12:104609397-104610172,,,,,
cg07783282,0.4027631825623588,USP44,0.7749999999999999,0.7749999999999999,0.7749999999999999,0.7749999999999999,0.7875,0.7875,0.7875,0.7875,0.1600781059358212,0.1600781059358212,0.1600781059358212,0.1600781059358212,0.8873239436619719,0.8873239436619719,0.8873239436619719,0.8873239436619719,48.0,48.0,32.0,45.0,46.5,46.5,31.5,42.5,37.5,38.5,29.5,37.5,44.5,44.5,31.5,41.5,0.841172079134005,0.7925,0.382524472954995,0.447566447734925,15.3518808508214,2.05684254210691e-47,7.1379042210722e-46,96.750122130987,0.107544693997152,0.490069166952147,0.382524472954995,12,95942964,R,II,TSS1500,island,TSS1500-island,chr12:95941906-95942979,True,,,,
cg27083087,0.4450176932429157,VGLL4,0.7549999999999999,0.7549999999999999,0.7250000000000001,0.7799999999999998,0.7595,0.7595,0.7435999999999999,0.7871999999999999,0.22588713996153031,0.22588713996153031,0.1960229578391266,0.1843908891458578,0.8655270655270655,0.8655270655270655,0.8621449275362317,0.8844943820224719,61.5,61.5,62.0,41.0,67.0,67.0,62.0,45.0,94.0,93.0,58.0,59.0,76.0,75.0,61.0,48.0,0.7994187596651202,0.8848499999999998,0.3801491503694,0.636404721230754,18.3175958409351,6.16418528040016e-64,4.99079185354717e-62,134.630105662985,0.298494365346843,0.678643515716243,0.3801491503694,3,11610239,F,I,Body,island,Body-island,chr3:11610137-11610370,True,True,,,
cg21959598,-0.4091620188498109,VOPP1,0.8775,0.8775,0.8799999999999999,0.8775,0.8807999999999999,0.8807999999999999,0.8832,0.8807999999999999,0.09168560410446128,0.09168560410446128,0.08944271909999157,0.09168560410446128,0.9382689747003994,0.9382689747003994,0.9395744680851065,0.9382689747003994,5.0,5.0,2.0,4.0,5.0,5.0,2.0,4.0,3.0,3.0,1.0,3.0,5.0,5.0,2.0,4.0,0.9023089638991094,0.8890500000000001,-0.399034983097607,0.427905872144332,-23.3557219467055,1.13992563659744e-94,4.2585098539462004e-92,205.15230641304,0.782603634897761,0.383568651800154,-0.399034983097608,7,55637719,F,II,Body,shore,Body-shore,chr7:55639277-55640599,,True,,,
cg10244666,0.4042554330099824,WT1,0.7475,0.7475,0.7475,0.7475,0.7623,0.7623,0.7623,0.7623,0.18481409578276223,0.18481409578276223,0.18481409578276223,0.18481409578276223,0.8724463519313305,0.8724463519313305,0.8724463519313305,0.8724463519313305,67.0,66.5,50.0,64.5,65.0,65.0,50.0,64.0,60.0,60.0,50.0,60.0,65.0,65.0,50.0,64.0,0.7839812296699196,0.8928750000000003,0.406035130783633,0.634542714480467,18.9659317080277,9.85286691444098e-68,9.66840765913769e-66,143.338010306699,0.27362259822835,0.679657729011981,0.406035130783632,11,32421808,F,I,Body,opensea,Body-opensea,,,,,rs5030259,
cg06274159,0.4203034322738868,ZFP42,0.78,0.78,0.78,0.78,0.792,0.792,0.792,0.792,0.15620499351813308,0.15620499351813308,0.15620499351813308,0.15620499351813308,0.8898876404494382,0.8898876404494382,0.8898876404494382,0.8898876404494382,43.0,43.0,28.5,39.0,40.0,41.0,28.0,38.0,33.0,34.0,27.0,34.0,39.0,40.0,28.0,37.0,0.8908174692049273,0.844425,0.309467554502464,0.495804781869015,11.1564590844237,3.67899953707717e-27,4.17386984066206e-26,50.4132656895164,0.220722511200159,0.530190065702623,0.309467554502464,4,188916867,R,II,TSS200,island,TSS200-island,chr4:188916605-188916876,,,,,
cg04738965,0.4086862497826802,ZIC1,0.8,0.8,0.815,0.8,0.81,0.81,0.8235,0.81,0.14142135623730948,0.14142135623730948,0.13124404748406684,0.14142135623730948,0.9,0.9,0.9074380165289256,0.9,28.0,28.0,12.5,26.0,28.0,28.0,12.0,26.0,23.0,24.0,11.0,23.0,27.0,27.0,12.0,25.0,0.9249720044792832,0.8916750000000001,0.407134378173492,0.533917878617149,21.8246794368728,4.5245037185457903e-85,1.02906963735175e-82,183.121128220789,0.172020653574044,0.579155031747537,0.407134378173493,3,147127662,R,I,1stExon,island,1stExon-island,chr3:147126988-147128999,True,True,,,
cg16768018,0.4620996754996359,ZIC4,0.74,0.74,0.74,0.74,0.7568,0.7568,0.7568,0.7568,0.18439088914585774,0.18439088914585774,0.18439088914585774,0.18439088914585774,0.8698850574712644,0.8698850574712644,0.8698850574712644,0.8698850574712644,70.5,69.5,54.5,67.5,69.0,68.0,53.0,66.0,59.0,59.0,49.0,58.0,67.0,67.0,52.0,66.0,0.9302778222151123,0.8527250000000001,0.395737609670568,0.554642246089743,23.3745512217994,8.66518317487777e-95,3.2659092510982196e-92,205.425683939776,0.202875481938127,0.598613091608695,0.395737609670567,3,147108843,R,I,Body,island,Body-island,chr3:147108511-147111703,,,,,
cg20985450,0.4029382207637762,ZIC5,0.7275,0.7275,0.73,0.7275,0.74025,0.74025,0.747,0.74025,0.22080817466751546,0.22080817466751546,0.1972308292331602,0.22080817466751546,0.8570188133140376,0.8570188133140376,0.8635838150289017,0.8570188133140376,82.0,81.0,60.5,79.0,83.0,82.0,60.0,80.0,90.0,89.0,59.0,88.0,83.0,82.0,60.0,80.0,0.7626246467231909,0.8447499999999999,0.370922026233078,0.460261237495087,14.4099897223213,1.65397256883123e-42,4.43582603797857e-41,85.5140823295343,0.130552769732351,0.501474795965429,0.370922026233078,13,100621382,F,I,Body,island,Body-island,chr13:100620241-100624348,,,,,rs61080730
cg14231297,0.4015908122655713,ZSCAN18,0.8474999999999999,0.8474999999999999,0.8474999999999999,0.8474999999999999,0.85305,0.85305,0.85305,0.85305,0.11025538535599978,0.11025538535599978,0.11025538535599978,0.11025538535599978,0.9234641407307173,0.9234641407307173,0.9234641407307173,0.9234641407307173,10.0,10.0,7.0,8.0,9.0,9.0,6.0,7.0,6.0,7.0,4.0,6.0,9.0,9.0,6.0,7.0,0.7246840505519117,0.824075,0.394577512954287,0.559091046174304,29.7078223604431,1.1316399702609599e-135,3.4809154223939104e-132,299.281337251786,0.208355479103827,0.602932992058114,0.394577512954287,19,58629901,F,I,TSS200,island,TSS200-island,chr19:58629309-58630241,,,,rs8109359,
