J,J cut-point,J sensitivity,J specificity,CZ,CZ cut-point,CZ sensitivity,CZ specificity,ER,ER cut-point,ER sensitivity,ER specificity,F1,F1 cut-point,F1 sensitivity,F1 specificity,AUC
0.8721804511278195,0.16,0.9974937343358395,0.10638297872340426,0.8721804511278195,0.16,0.9974937343358395,0.10638297872340426,0.12463649980844471,0.15,0.9974937343358395,0.10638297872340426,0.931726907630522,0.16,0.9974937343358395,0.10638297872340426,0.8547432410814271
0.8935103716738655,0.25,1.0,0.06382978723404255,0.8953234149202794,0.25,1.0,0.06382978723404255,0.0878291207300315,0.25,1.0,0.06382978723404255,0.9456757441775325,0.25,1.0,0.06382978723404255,0.9158268010451661
0.8408787927264969,0.12,0.9849624060150376,0.10638297872340426,0.8438116568015783,0.12,0.9849624060150376,0.10638297872340426,0.13150393359394288,0.1,0.9849624060150376,0.10638297872340426,0.9167487399339551,0.12,0.9849624060150376,0.10638297872340426,0.8380259158534633
0.8546365914786969,0.12,0.9799498746867168,0.2127659574468085,0.8546365914786967,0.12,0.9799498746867168,0.2127659574468085,0.1432985353087198,0.06,0.9799498746867168,0.2127659574468085,0.9216216216216215,0.12,0.9799498746867168,0.2127659574468085,0.7371353916706661
0.7644643523702874,0.11,0.9774436090225563,0.10638297872340426,0.7726763717805151,0.11,0.9774436090225563,0.10638297872340426,0.19761832527347445,0.11,0.9774436090225563,0.10638297872340426,0.8758197588322403,0.11,0.9774436090225563,0.10638297872340426,0.7933930571108623
0.6366448034981071,0.16,0.9398496240601504,0.06382978723404255,0.6502959526475764,0.16,0.9398496240601504,0.06382978723404255,0.29586032362112513,0.05,0.9398496240601504,0.06382978723404255,0.7946696207480777,0.16,0.9398496240601504,0.06382978723404255,0.7598250946515225
0.8221084626459767,0.13,0.9824561403508771,0.0851063829787234,0.8278675411934091,0.13,0.9824561403508771,0.0851063829787234,0.14187051126753952,0.13,0.9824561403508771,0.0851063829787234,0.9086918349429324,0.13,0.9824561403508771,0.0851063829787234,0.8579693915640163
0.8446648536234203,0.05,0.9774436090225563,0.2765957446808511,0.8494640857462806,0.05,0.9774436090225563,0.2765957446808511,0.12054270386096697,0.05,0.9774436090225563,0.2765957446808511,0.9209955771398838,0.05,0.9774436090225563,0.2765957446808511,0.6753586092891803
0.7707033541300059,0.12,0.9924812030075187,0.14893617021276595,0.7751293126433103,0.12,0.9924812030075187,0.14893617021276595,0.20564552533693686,0.08,0.9924812030075187,0.14893617021276595,0.8755044269107991,0.12,0.9924812030075187,0.14893617021276595,0.7847277768890311
0.8358662613981762,0.22,0.9924812030075187,0.10638297872340426,0.8389057750759877,0.22,0.9924812030075187,0.10638297872340426,0.12741651922715333,0.17,0.9924812030075187,0.10638297872340426,0.9139072847682118,0.22,0.9924812030075187,0.10638297872340426,0.839492347891004
0.7280968378392791,0.17,0.974937343358396,0.10638297872340426,0.7334293179757906,0.17,0.974937343358396,0.10638297872340426,0.23640221436823028,0.12,0.974937343358396,0.10638297872340426,0.8488289567068843,0.17,0.974937343358396,0.10638297872340426,0.7766757318828987
0.8972431077694236,0.18,0.9924812030075187,0.02127659574468085,0.8977763557830746,0.15,0.9924812030075187,0.02127659574468085,0.08422235000380311,0.13,0.9924812030075187,0.02127659574468085,0.9470131623354707,0.15,0.9924812030075187,0.02127659574468085,0.9423292273236282
0.8771929824561404,0.2,0.9974937343358395,0.06382978723404255,0.8771929824561403,0.2,0.9974937343358395,0.06382978723404255,0.10055165827622087,0.12,0.9974937343358395,0.06382978723404255,0.9345794392523363,0.2,0.9974937343358395,0.06382978723404255,0.9039087079400631
0.7494267583853249,0.1,0.9824561403508771,0.19148936170212766,0.7582786754119341,0.1,0.9824561403508771,0.19148936170212766,0.2086247242347923,0.09,0.9824561403508771,0.19148936170212766,0.8668881641113177,0.1,0.9824561403508771,0.19148936170212766,0.7254305977710233
0.8521303258145363,0.2,0.9824561403508771,0.06382978723404255,0.8521303258145363,0.2,0.9824561403508771,0.06382978723404255,0.12096784960984241,0.13,0.9824561403508771,0.06382978723404255,0.9209820269451576,0.18,0.9824561403508771,0.06382978723404255,0.8804457953394124
0.7431877566256064,0.06,0.9674185463659147,0.14893617021276595,0.7555057857409481,0.06,0.9674185463659147,0.14893617021276595,0.20326453236190914,0.06,0.9674185463659147,0.14893617021276595,0.8668094218415417,0.06,0.9674185463659147,0.14893617021276595,0.7585452994187596
0.8071241934623794,0.15,0.9974937343358395,0.02127659574468085,0.8162960592971791,0.15,0.9974937343358395,0.02127659574468085,0.13732204876835383,0.15,0.9974937343358395,0.02127659574468085,0.903419988786922,0.15,0.9974937343358395,0.02127659574468085,0.9266517357222843
0.8509038553831387,0.1,0.9799498746867168,0.19148936170212766,0.8536234202527595,0.1,0.9799498746867168,0.19148936170212766,0.11464962504484538,0.05,0.9799498746867168,0.19148936170212766,0.9223854796888504,0.1,0.9799498746867168,0.19148936170212766,0.7593451714392364
0.7243107769423558,0.19,0.9874686716791979,0.1276595744680851,0.7243107769423559,0.19,0.9874686716791979,0.1276595744680851,0.22515269444954403,0.12,0.9874686716791979,0.1276595744680851,0.8424479989884301,0.12,0.9874686716791979,0.1276595744680851,0.7806750919852823
0.817095931317656,0.14,0.9899749373433584,0.14893617021276595,0.8230683090705487,0.14,0.9899749373433584,0.14893617021276595,0.14665995648018557,0.14,0.9899749373433584,0.14893617021276595,0.9059161873459326,0.14,0.9899749373433584,0.14893617021276595,0.7847544392897136
0.7719298245614035,0.16,0.9799498746867168,0.0851063829787234,0.7719298245614035,0.16,0.9799498746867168,0.0851063829787234,0.1961402829682376,0.1,0.9799498746867168,0.0851063829787234,0.8724329548200047,0.14,0.9799498746867168,0.0851063829787234,0.8221617874473418
0.7719298245614035,0.11,0.9624060150375939,0.23404255319148937,0.7719298245614035,0.11,0.9624060150375939,0.23404255319148937,0.21519794920465282,0.07,0.9624060150375939,0.23404255319148937,0.8712871287128713,0.11,0.9624060150375939,0.23404255319148937,0.676345118114435
0.8095771343251745,0.06,0.9674185463659147,0.23404255319148937,0.8158694608862582,0.06,0.9674185463659147,0.23404255319148937,0.15190582169842937,0.05,0.9674185463659147,0.23404255319148937,0.901723883895683,0.06,0.9674185463659147,0.23404255319148937,0.7000479923212287
0.7557190849464086,0.09,0.9598997493734336,0.0425531914893617,0.7672372420412734,0.09,0.9598997493734336,0.0425531914893617,0.19140755280210417,0.09,0.9598997493734336,0.0425531914893617,0.8739863325740319,0.09,0.9598997493734336,0.0425531914893617,0.8404788567162587
0.6906628272809683,0.07,0.9674185463659147,0.02127659574468085,0.7145523382925398,0.07,0.9674185463659147,0.02127659574468085,0.21888459151493744,0.07,0.9674185463659147,0.02127659574468085,0.8452925406087368,0.07,0.9674185463659147,0.02127659574468085,0.8602890204233989
0.7131125686556818,0.12,0.9849624060150376,0.10638297872340426,0.7273502906201674,0.12,0.9849624060150376,0.10638297872340426,0.21293663527041104,0.09,0.9849624060150376,0.10638297872340426,0.8504198521117934,0.09,0.9849624060150376,0.10638297872340426,0.7889137737961925
0.9010291686663465,0.13,0.9899749373433584,0.10638297872340426,0.9026822375086652,0.13,0.9899749373433584,0.10638297872340426,0.08055487427981829,0.13,0.9899749373433584,0.10638297872340426,0.9496774193548387,0.13,0.9899749373433584,0.10638297872340426,0.8686610142377219
0.8847117794486214,0.18,0.9949874686716792,0.14893617021276595,0.8847117794486216,0.18,0.9949874686716792,0.14893617021276595,0.10202924248498363,0.13,0.9949874686716792,0.14893617021276595,0.9388297872340426,0.18,0.9949874686716792,0.14893617021276595,0.8169092945128779
0.7957660107716098,0.14,0.9899749373433584,0.1276595744680851,0.7996587212712631,0.14,0.9899749373433584,0.1276595744680851,0.1727889455647522,0.1,0.9899749373433584,0.1276595744680851,0.8906045848675613,0.14,0.9899749373433584,0.1276595744680851,0.8015517517197248
0.8309070548712207,0.15,0.9949874686716792,0.1276595744680851,0.8376259798432251,0.15,0.9949874686716792,0.1276595744680851,0.12310391605597053,0.15,0.9949874686716792,0.1276595744680851,0.9149847094801222,0.15,0.9949874686716792,0.1276595744680851,0.823228283474644
0.9323308270676691,0.19,0.9899749373433584,0.1702127659574468,0.9323308270676691,0.19,0.9899749373433584,0.1702127659574468,0.05445402242463198,0.15,0.9899749373433584,0.1702127659574468,0.9649805447470817,0.19,0.9899749373433584,0.1702127659574468,0.8076041166746653
0.7456406974884018,0.14,0.9674185463659147,0.1702127659574468,0.7505999040153575,0.14,0.9674185463659147,0.1702127659574468,0.2181708442949843,0.05,0.9674185463659147,0.1702127659574468,0.8599706744868035,0.14,0.9674185463659147,0.1702127659574468,0.7282034874420092
0.8622087132725431,0.1,0.9924812030075187,0.10638297872340426,0.8662613981762919,0.1,0.9924812030075187,0.10638297872340426,0.10431236211739613,0.1,0.9924812030075187,0.10638297872340426,0.9303590859630033,0.1,0.9924812030075187,0.10638297872340426,0.8514904281981549
0.8421052631578947,0.21,0.9899749373433584,0.10638297872340426,0.8421052631578947,0.21,0.9899749373433584,0.10638297872340426,0.1295917091735642,0.14,0.9899749373433584,0.10638297872340426,0.9142857142857143,0.21,0.9899749373433584,0.10638297872340426,0.8440516184077214
0.8121367247907001,0.11,0.9899749373433584,0.10638297872340426,0.8208819922145789,0.11,0.9899749373433584,0.10638297872340426,0.13342441802236746,0.11,0.9899749373433584,0.10638297872340426,0.9059824029661889,0.11,0.9899749373433584,0.10638297872340426,0.826774382765424
0.7192982456140351,0.28,0.9874686716791979,0.0851063829787234,0.7211646136618141,0.25,0.9874686716791979,0.0851063829787234,0.2269759693665836,0.13,0.9874686716791979,0.0851063829787234,0.8439419230890366,0.13,0.9874686716791979,0.0851063829787234,0.8121900495920652
0.7782221511224869,0.12,0.9774436090225563,0.2553191489361702,0.7824881352316962,0.12,0.9774436090225563,0.2553191489361702,0.20162699728537983,0.12,0.9774436090225563,0.2553191489361702,0.8800791675413081,0.12,0.9774436090225563,0.2553191489361702,0.6595744680851064
0.8057910734282514,0.16,0.9924812030075187,0.10638297872340426,0.8094704847224443,0.16,0.9924812030075187,0.10638297872340426,0.1610580090590292,0.13,0.9924812030075187,0.10638297872340426,0.8965272856130403,0.16,0.9924812030075187,0.10638297872340426,0.8215218898309602
0.8910041060097051,0.13,0.9899749373433584,0.14893617021276595,0.8928704740574841,0.13,0.9899749373433584,0.14893617021276595,0.07993679422691395,0.1,0.9899749373433584,0.14893617021276595,0.9447219165326336,0.1,0.9899749373433584,0.14893617021276595,0.8197088465845463
0.6365914786967419,0.14,0.9373433583959899,0.19148936170212766,0.6365914786967418,0.14,0.9373433583959899,0.19148936170212766,0.31130637229765695,0.03,0.9373433583959899,0.19148936170212766,0.7819615306191803,0.03,0.9373433583959899,0.19148936170212766,0.650989175065323
0.8032848077640911,0.11,0.9849624060150376,0.1276595744680851,0.8070175438596491,0.11,0.9849624060150376,0.1276595744680851,0.17079933044826656,0.1,0.9849624060150376,0.1276595744680851,0.8950527841026702,0.11,0.9849624060150376,0.1276595744680851,0.7965125579907213
0.8196021969818164,0.18,0.9949874686716792,0.10638297872340426,0.8254679251319789,0.15,0.9949874686716792,0.10638297872340426,0.12960345871893833,0.15,0.9949874686716792,0.10638297872340426,0.9085306805176513,0.15,0.9949874686716792,0.10638297872340426,0.8482109529142002
0.7757158854583266,0.11,0.9624060150375939,0.19148936170212766,0.7822748360262358,0.08,0.9624060150375939,0.19148936170212766,0.18379846149103718,0.05,0.9624060150375939,0.19148936170212766,0.8816900561949695,0.08,0.9624060150375939,0.19148936170212766,0.7239108409321175
0.7845144776835706,0.08,0.9649122807017544,0.1702127659574468,0.7918733002719565,0.08,0.9649122807017544,0.1702127659574468,0.17809089014099705,0.08,0.9649122807017544,0.1702127659574468,0.8874943971313312,0.08,0.9649122807017544,0.1702127659574468,0.7476670399402763
0.7381219004959205,0.08,0.9273182957393483,0.1702127659574468,0.7432410814269717,0.08,0.9273182957393483,0.1702127659574468,0.2320106771990668,0.05,0.9273182957393483,0.1702127659574468,0.8552231937413713,0.08,0.9273182957393483,0.1702127659574468,0.7094598197621714
0.6867167919799497,0.21,0.9548872180451128,0.10638297872340426,0.7032474804031354,0.09,0.9548872180451128,0.10638297872340426,0.2381180776901736,0.09,0.9548872180451128,0.10638297872340426,0.8369082370859245,0.09,0.9548872180451128,0.10638297872340426,0.7699834693115768
0.8609289180397801,0.16,0.9949874686716792,0.1702127659574468,0.8634351837039407,0.16,0.9949874686716792,0.1702127659574468,0.11820110718411513,0.15,0.9949874686716792,0.1702127659574468,0.9279614877643418,0.16,0.9949874686716792,0.1702127659574468,0.7990454860555644
0.824614728310137,0.15,0.9799498746867168,0.14893617021276595,0.8305871060630299,0.1,0.9799498746867168,0.14893617021276595,0.1295917091735642,0.1,0.9799498746867168,0.14893617021276595,0.9110370240393052,0.1,0.9799498746867168,0.14893617021276595,0.7865141577347626
0.70308750599904,0.03,0.8822055137844611,0.6595744680851063,0.7179651255799072,0.03,0.8822055137844611,0.6595744680851063,0.2269759693665836,0.02,0.8822055137844611,0.6595744680851063,0.8439419230890366,0.02,0.8822055137844611,0.6595744680851063,0.276302458273343
0.683090705487122,0.08,0.974937343358396,0.0851063829787234,0.7054871220604703,0.08,0.974937343358396,0.0851063829787234,0.23587850220389622,0.08,0.974937343358396,0.0851063829787234,0.8383233532934131,0.08,0.974937343358396,0.0851063829787234,0.7921665866794646
0.7983256012371354,0.1,0.9824561403508771,0.14893617021276595,0.8071241934623793,0.1,0.9824561403508771,0.14893617021276595,0.15190582169842937,0.1,0.9824561403508771,0.14893617021276595,0.8976396631479064,0.1,0.9824561403508771,0.14893617021276595,0.7893936970084786
0.8270676691729322,0.17,0.9974937343358395,0.2127659574468085,0.8270676691729323,0.17,0.9974937343358395,0.2127659574468085,0.14287084661410418,0.12,0.9974937343358395,0.2127659574468085,0.9067352966981547,0.15,0.9974937343358395,0.2127659574468085,0.7357756092358557
0.7431877566256064,0.07,0.974937343358396,0.1276595744680851,0.7555057857409481,0.07,0.974937343358396,0.1276595744680851,0.20326453236190914,0.07,0.974937343358396,0.1276595744680851,0.8668094218415417,0.07,0.974937343358396,0.1276595744680851,0.7588652482269505
0.8220551378446115,0.19,0.9849624060150376,0.0425531914893617,0.8220551378446115,0.19,0.9849624060150376,0.0425531914893617,0.13840449882991884,0.1,0.9849624060150376,0.0425531914893617,0.9057225195553725,0.1,0.9849624060150376,0.0425531914893617,0.8933770596704527
0.8333599957340159,0.13,0.9899749373433584,0.14893617021276595,0.8364528342131925,0.13,0.9899749373433584,0.14893617021276595,0.146912266551891,0.13,0.9899749373433584,0.14893617021276595,0.9124807306361071,0.13,0.9899749373433584,0.14893617021276595,0.7985389004425959
0.7130592438543166,0.22,0.9899749373433584,0.0851063829787234,0.7198848184290514,0.15,0.9899749373433584,0.0851063829787234,0.24406824497978108,0.08,0.9899749373433584,0.0851063829787234,0.8423022929340197,0.15,0.9899749373433584,0.0851063829787234,0.805524449421426
0.8383725270623366,0.17,0.9849624060150376,0.14893617021276595,0.8413587159387831,0.17,0.9849624060150376,0.14893617021276595,0.12043403732105397,0.06,0.9849624060150376,0.14893617021276595,0.9155645981688708,0.13,0.9849624060150376,0.14893617021276595,0.8066975950514583
0.9624060150375939,0.2,0.9949874686716792,0.1276595744680851,0.9624060150375939,0.2,0.9949874686716792,0.1276595744680851,0.03287598339848574,0.16,0.9949874686716792,0.1276595744680851,0.9808429118773946,0.2,0.9949874686716792,0.1276595744680851,0.8616488028582091
0.7681970884658456,0.16,0.9824561403508771,0.0851063829787234,0.7726763717805151,0.16,0.9824561403508771,0.0851063829787234,0.18379846149103718,0.07,0.9824561403508771,0.0851063829787234,0.8742657129812813,0.07,0.9824561403508771,0.0851063829787234,0.8188556497627046
0.8032848077640911,0.17,0.9799498746867168,0.1702127659574468,0.8070175438596491,0.17,0.9799498746867168,0.1702127659574468,0.16594955773049028,0.12,0.9799498746867168,0.1702127659574468,0.8950527841026702,0.17,0.9799498746867168,0.1702127659574468,0.7679304644590198
0.837092731829574,0.17,0.9799498746867168,0.23404255319148937,0.8370927318295739,0.17,0.9799498746867168,0.23404255319148937,0.12222017717391895,0.08,0.9799498746867168,0.23404255319148937,0.9135852911133808,0.08,0.9799498746867168,0.23404255319148937,0.7186316855969711
0.8509038553831387,0.16,0.9849624060150376,0.0851063829787234,0.8536234202527595,0.16,0.9849624060150376,0.0851063829787234,0.11884624464114185,0.12,0.9849624060150376,0.0851063829787234,0.9223854796888504,0.16,0.9849624060150376,0.0851063829787234,0.8667679837892603
0.8897243107769424,0.26,0.9974937343358395,0.02127659574468085,0.8897243107769424,0.26,0.9974937343358395,0.02127659574468085,0.09079038774663341,0.21,0.9974937343358395,0.02127659574468085,0.9416445623342176,0.26,0.9974937343358395,0.02127659574468085,0.9553938036580814
0.8358662613981762,0.12,0.9774436090225563,0.0851063829787234,0.8389057750759877,0.12,0.9774436090225563,0.0851063829787234,0.14443287988470183,0.12,0.9774436090225563,0.0851063829787234,0.9139072847682118,0.12,0.9774436090225563,0.0851063829787234,0.8425585239694982
0.7719298245614035,0.11,0.9649122807017544,0.23404255319148937,0.7719298245614035,0.11,0.9649122807017544,0.23404255319148937,0.21900077835677384,0.06,0.9649122807017544,0.23404255319148937,0.8712871287128713,0.11,0.9649122807017544,0.23404255319148937,0.6712259371833839
0.8020583373326935,0.18,0.9974937343358395,0.10638297872340426,0.8086706127019677,0.18,0.9974937343358395,0.10638297872340426,0.15190582169842937,0.17,0.9974937343358395,0.10638297872340426,0.8976396631479064,0.17,0.9974937343358395,0.10638297872340426,0.8382925398602888
0.8270676691729322,0.26,0.9799498746867168,0.1276595744680851,0.8270676691729323,0.26,0.9799498746867168,0.1276595744680851,0.1635283523685357,0.2,0.9799498746867168,0.1276595744680851,0.9053497942386831,0.26,0.9799498746867168,0.1276595744680851,0.7978190156241669
0.8421585879592599,0.15,0.9949874686716792,0.2765957446808511,0.8470644696848505,0.15,0.9949874686716792,0.2765957446808511,0.12289079666042352,0.15,0.9949874686716792,0.2765957446808511,0.9196433740519887,0.15,0.9949874686716792,0.2765957446808511,0.6890897456406975
0.8120833999893351,0.14,0.9874686716791979,0.02127659574468085,0.8182690769476885,0.14,0.9874686716791979,0.02127659574468085,0.14511739962149214,0.13,0.9874686716791979,0.02127659574468085,0.9031251839208994,0.14,0.9874686716791979,0.02127659574468085,0.9095078120834
0.8483975897189784,0.23,0.9849624060150376,0.10638297872340426,0.8511704793899643,0.23,0.9849624060150376,0.10638297872340426,0.11523667240716343,0.15,0.9849624060150376,0.10638297872340426,0.9209820269451576,0.23,0.9849624060150376,0.10638297872340426,0.8492507865408201
0.7845144776835706,0.07,0.9674185463659147,0.19148936170212766,0.7918733002719565,0.07,0.9674185463659147,0.19148936170212766,0.17809089014099705,0.07,0.9674185463659147,0.19148936170212766,0.8874943971313312,0.07,0.9674185463659147,0.19148936170212766,0.7301765050925186
0.8058443982296166,0.11,0.9874686716791979,0.14893617021276595,0.8141630672425746,0.11,0.9874686716791979,0.14893617021276595,0.14511739962149214,0.11,0.9874686716791979,0.14893617021276595,0.9016979182046361,0.11,0.9874686716791979,0.14893617021276595,0.7858742601183811
0.8308537300698555,0.06,0.9674185463659147,0.2553191489361702,0.8339998933503971,0.06,0.9674185463659147,0.2553191489361702,0.14939255024999662,0.06,0.9674185463659147,0.2553191489361702,0.9110502708685266,0.06,0.9674185463659147,0.2553191489361702,0.6787180717751827
0.8421585879592599,0.12,0.9899749373433584,0.06382978723404255,0.8470644696848505,0.12,0.9899749373433584,0.06382978723404255,0.12289079666042352,0.12,0.9899749373433584,0.06382978723404255,0.9196433740519887,0.12,0.9899749373433584,0.06382978723404255,0.8843651682397485
0.8321335253026183,0.07,0.9724310776942355,0.3191489361702128,0.8374660054391297,0.07,0.9724310776942355,0.3191489361702128,0.13150393359394288,0.05,0.9724310776942355,0.3191489361702128,0.9141975667966703,0.07,0.9724310776942355,0.3191489361702128,0.6348584226523756
0.8709539806964219,0.15,1.0,0.0425531914893617,0.8732469471551217,0.15,1.0,0.0425531914893617,0.10890804484926392,0.14,1.0,0.0425531914893617,0.9334777404092799,0.15,1.0,0.0425531914893617,0.9208126699728044
0.9210792939796297,0.17,1.0,0.0851063829787234,0.9223057644110275,0.17,1.0,0.0851063829787234,0.06144539833021183,0.17,1.0,0.0851063829787234,0.9601954144229168,0.17,1.0,0.0851063829787234,0.8945768677011676
0.8847117794486214,0.16,0.9874686716791979,0.14893617021276595,0.8847117794486216,0.16,0.9874686716791979,0.14893617021276595,0.09975683680213136,0.12,0.9874686716791979,0.14893617021276595,0.9388297872340426,0.16,0.9874686716791979,0.14893617021276595,0.8129899216125419
0.8195488721804511,0.19,0.9924812030075187,0.1276595744680851,0.8195488721804511,0.19,0.9924812030075187,0.1276595744680851,0.1432985353087198,0.11,0.9924812030075187,0.1276595744680851,0.9008264462809917,0.19,0.9924812030075187,0.1276595744680851,0.8153095504719245
0.7769423558897244,0.13,0.9348370927318296,0.19148936170212766,0.7769423558897243,0.13,0.9348370927318296,0.19148936170212766,0.21724100641161082,0.1,0.9348370927318296,0.19148936170212766,0.8744710860366713,0.13,0.9348370927318296,0.19148936170212766,0.6921292593185092
0.8333599957340159,0.2,0.9899749373433584,0.06382978723404255,0.8364528342131925,0.2,0.9899749373433584,0.06382978723404255,0.146912266551891,0.2,0.9899749373433584,0.06382978723404255,0.9124807306361071,0.2,0.9899749373433584,0.06382978723404255,0.8820722017810484
0.7068202420945982,0.06,0.9473684210526315,0.0851063829787234,0.7174852023676213,0.06,0.9473684210526315,0.0851063829787234,0.24650270615547262,0.05,0.9473684210526315,0.0851063829787234,0.8407273181704575,0.06,0.9473684210526315,0.0851063829787234,0.7755825734549139
0.8759665120247426,0.18,0.9924812030075187,0.1276595744680851,0.8781528288807123,0.18,0.9924812030075187,0.1276595744680851,0.10493651617701479,0.18,0.9924812030075187,0.1276595744680851,0.9362137578169414,0.18,0.9924812030075187,0.1276595744680851,0.8310403668746336
0.6654935210366342,0.13,0.974937343358396,0.0851063829787234,0.6827707566789314,0.13,0.974937343358396,0.0851063829787234,0.26996485291101796,0.1,0.974937343358396,0.0851063829787234,0.8199020267025262,0.13,0.974937343358396,0.0851063829787234,0.7627046339252386
0.6943422385751612,0.09,0.9699248120300752,0.1276595744680851,0.7131125686556817,0.09,0.9699248120300752,0.1276595744680851,0.23640221436823028,0.09,0.9699248120300752,0.1276595744680851,0.8417574117202745,0.09,0.9699248120300752,0.1276595744680851,0.7362022076467764
0.8935636964752307,0.16,1.0,0.02127659574468085,0.8962832613448515,0.16,1.0,0.02127659574468085,0.07674344902840316,0.16,1.0,0.02127659574468085,0.9466629118558152,0.16,1.0,0.02127659574468085,0.9541140084253187
0.8897243107769424,0.2,0.9949874686716792,0.1276595744680851,0.8897243107769424,0.2,0.9949874686716792,0.1276595744680851,0.09301173796807455,0.16,0.9949874686716792,0.1276595744680851,0.9416445623342176,0.2,0.9949874686716792,0.1276595744680851,0.8471177944862157
0.8333599957340159,0.11,0.9924812030075187,0.14893617021276595,0.8364528342131925,0.11,0.9924812030075187,0.14893617021276595,0.14665995648018557,0.1,0.9924812030075187,0.14893617021276595,0.9124807306361071,0.11,0.9924812030075187,0.14893617021276595,0.79118007785421
0.9122807017543859,0.1,0.9974937343358395,0.10638297872340426,0.9122807017543859,0.1,0.9974937343358395,0.10638297872340426,0.08771929824561409,0.1,0.9974937343358395,0.10638297872340426,0.9541284403669724,0.1,0.9974937343358395,0.10638297872340426,0.8614355036527488
0.661707460139711,0.09,0.9323308270676691,0.10638297872340426,0.6742921132618781,0.09,0.9323308270676691,0.10638297872340426,0.27689110938709316,0.06,0.9323308270676691,0.10638297872340426,0.8121886903017872,0.06,0.9323308270676691,0.10638297872340426,0.7381219004959206
0.7957660107716098,0.1,0.9649122807017544,0.3191489361702128,0.7996587212712631,0.1,0.9649122807017544,0.3191489361702128,0.16413855474129405,0.04,0.9649122807017544,0.3191489361702128,0.8906045848675613,0.1,0.9649122807017544,0.3191489361702128,0.612541993281075
0.8709539806964219,0.13,0.9849624060150376,0.10638297872340426,0.8732469471551217,0.13,0.9849624060150376,0.10638297872340426,0.10984963441313576,0.13,0.9849624060150376,0.10638297872340426,0.9334777404092799,0.13,0.9849624060150376,0.10638297872340426,0.8473577560923584
0.7231376313123232,0.16,0.9824561403508771,0.0851063829787234,0.7367354556604276,0.16,0.9824561403508771,0.0851063829787234,0.209475410713075,0.11,0.9824561403508771,0.0851063829787234,0.8551092405768398,0.16,0.9824561403508771,0.0851063829787234,0.8171225937183383
0.8220551378446115,0.11,0.9473684210526315,0.3617021276595745,0.8220551378446115,0.11,0.9473684210526315,0.3617021276595745,0.1667762893882954,0.06,0.9473684210526315,0.3617021276595745,0.9023383768913342,0.11,0.9473684210526315,0.3617021276595745,0.567962459339839
0.8697275102650242,0.11,0.9874686716791979,0.1702127659574468,0.8734602463605823,0.11,0.9874686716791979,0.1702127659574468,0.0974958942244917,0.11,0.9874686716791979,0.1702127659574468,0.9343182271910562,0.11,0.9874686716791979,0.1702127659574468,0.7892337226043832
0.9122807017543859,0.14,0.9949874686716792,0.1276595744680851,0.9122807017543859,0.14,0.9949874686716792,0.1276595744680851,0.07814041430589558,0.13,0.9949874686716792,0.1276595744680851,0.9541284403669724,0.14,0.9949874686716792,0.1276595744680851,0.8450914520343412
0.7281501626406441,0.27,0.9899749373433584,0.06382978723404255,0.7414280381805578,0.27,0.9899749373433584,0.06382978723404255,0.19790604016099836,0.24,0.9899749373433584,0.06382978723404255,0.8602683690229012,0.24,0.9899749373433584,0.06382978723404255,0.865221564549672
0.8709539806964219,0.21,0.9899749373433584,0.10638297872340426,0.8732469471551217,0.21,0.9899749373433584,0.10638297872340426,0.10890804484926392,0.19,0.9899749373433584,0.10638297872340426,0.9334777404092799,0.21,0.9899749373433584,0.10638297872340426,0.859435823601557
0.9098277608915906,0.09,0.9974937343358395,0.14893617021276595,0.9118541033434651,0.09,0.9974937343358395,0.14893617021276595,0.06386194330018004,0.09,0.9974937343358395,0.14893617021276595,0.9549071618037136,0.09,0.9974937343358395,0.14893617021276595,0.8329333973230949
0.7393483709273183,0.26,0.9899749373433584,0.02127659574468085,0.7393483709273183,0.26,0.9899749373433584,0.02127659574468085,0.2489243365957354,0.21,0.9899749373433584,0.02127659574468085,0.8501440922190202,0.26,0.9899749373433584,0.02127659574468085,0.8566629339305711
0.8471177944862154,0.15,0.974937343358396,0.2553191489361702,0.8471177944862155,0.15,0.974937343358396,0.2553191489361702,0.12289079666042352,0.08,0.974937343358396,0.2553191489361702,0.9196433740519887,0.08,0.974937343358396,0.2553191489361702,0.6908494640857463
0.6955153842051938,0.14,0.9799498746867168,0.14893617021276595,0.7015410867594518,0.14,0.9799498746867168,0.14893617021276595,0.2634873621900945,0.09,0.9799498746867168,0.14893617021276595,0.8293193717277488,0.09,0.9799498746867168,0.14893617021276595,0.7223910840932117
0.9010291686663465,0.2,0.9974937343358395,0.06382978723404255,0.9026822375086652,0.2,0.9974937343358395,0.06382978723404255,0.08055487427981829,0.2,0.9974937343358395,0.06382978723404255,0.9496774193548387,0.2,0.9974937343358395,0.06382978723404255,0.9171332586786114
0.8647149789367035,0.11,0.9849624060150376,0.10638297872340426,0.8686610142377219,0.11,0.9849624060150376,0.10638297872340426,0.10202924248498363,0.11,0.9849624060150376,0.10638297872340426,0.931682347221825,0.11,0.9849624060150376,0.10638297872340426,0.8493574361435502
0.8045646029968538,0.07,0.9849624060150376,0.3617021276595745,0.8110702287633978,0.07,0.9849624060150376,0.3617021276595745,0.15869386525221862,0.07,0.9849624060150376,0.3617021276595745,0.8989096066901097,0.07,0.9849624060150376,0.3617021276595745,0.5893723670879326
0.9398496240601504,0.15,0.9899749373433584,0.1702127659574468,0.9398496240601504,0.15,0.9899749373433584,0.1702127659574468,0.06015037593984962,0.15,0.9899749373433584,0.1702127659574468,0.9689922480620156,0.15,0.9899749373433584,0.1702127659574468,0.8062443342398549
0.8796992481203008,0.24,0.9974937343358395,0.06382978723404255,0.8796992481203008,0.24,0.9974937343358395,0.06382978723404255,0.10848463957190499,0.16,0.9974937343358395,0.06382978723404255,0.936,0.24,0.9974937343358395,0.06382978723404255,0.9014024422759026
0.849624060150376,0.18,0.9924812030075187,0.10638297872340426,0.849624060150376,0.18,0.9924812030075187,0.10638297872340426,0.11464962504484538,0.1,0.9924812030075187,0.10638297872340426,0.9201981287837094,0.1,0.9924812030075187,0.10638297872340426,0.8450914520343411
0.9235855596437903,0.21,0.9974937343358395,0.0851063829787234,0.9247587052738229,0.21,0.9974937343358395,0.0851063829787234,0.05910055359205758,0.21,0.9974937343358395,0.0851063829787234,0.9614947467635073,0.21,0.9974937343358395,0.0851063829787234,0.8989761638137898
0.824614728310137,0.06,0.9724310776942355,0.2978723404255319,0.8302671572548392,0.06,0.9724310776942355,0.2978723404255319,0.13840449882991884,0.05,0.9724310776942355,0.2978723404255319,0.9100739398544583,0.06,0.9724310776942355,0.2978723404255319,0.6401109155868394
0.8196021969818164,0.11,0.9699248120300752,0.2553191489361702,0.8254679251319789,0.11,0.9699248120300752,0.2553191489361702,0.1442633391872729,0.11,0.9699248120300752,0.2553191489361702,0.9073059226914397,0.11,0.9699248120300752,0.2553191489361702,0.6762651309123874
0.807017543859649,0.11,0.9649122807017544,0.2765957446808511,0.8070175438596491,0.11,0.9649122807017544,0.2765957446808511,0.16200072021831574,0.05,0.9649122807017544,0.2765957446808511,0.893574178264732,0.1,0.9649122807017544,0.2765957446808511,0.6602943529035353
0.8270676691729322,0.23,0.9974937343358395,0.0851063829787234,0.8270676691729323,0.23,0.9974937343358395,0.0851063829787234,0.1656719967318019,0.21,0.9974937343358395,0.0851063829787234,0.9053497942386831,0.23,0.9974937343358395,0.0851063829787234,0.8638084573134966
0.8922839012424679,0.16,1.0,0.06382978723404255,0.8950567909134539,0.16,1.0,0.06382978723404255,0.07782659307441421,0.16,1.0,0.06382978723404255,0.9460068759510794,0.16,1.0,0.06382978723404255,0.8978030181837573
0.9172932330827068,0.16,0.9924812030075187,0.0851063829787234,0.9172932330827067,0.16,0.9924812030075187,0.0851063829787234,0.08270676691729328,0.16,0.9924812030075187,0.0851063829787234,0.9568627450980391,0.16,0.9924812030075187,0.0851063829787234,0.8843918306404308
0.9060416999946674,0.16,0.9924812030075187,0.14893617021276595,0.9075881192342558,0.16,0.9924812030075187,0.14893617021276595,0.0757319196951682,0.16,0.9924812030075187,0.14893617021276595,0.9523276633840644,0.16,0.9924812030075187,0.14893617021276595,0.8195488721804511
0.8684477150322616,0.17,0.9924812030075187,0.06382978723404255,0.8707940062923265,0.17,0.9924812030075187,0.06382978723404255,0.10250054702096423,0.11,0.9924812030075187,0.06382978723404255,0.932104226718799,0.17,0.9924812030075187,0.06382978723404255,0.8922572388417853
0.8359195861995414,0.21,0.9974937343358395,0.0851063829787234,0.8423185623633552,0.21,0.9974937343358395,0.0851063829787234,0.11884624464114185,0.21,0.9974937343358395,0.0851063829787234,0.9175985361178077,0.21,0.9974937343358395,0.0851063829787234,0.8798058977230309
0.7770490054924544,0.14,0.9799498746867168,0.10638297872340426,0.7887804617927797,0.14,0.9799498746867168,0.10638297872340426,0.16200072021831574,0.14,0.9799498746867168,0.10638297872340426,0.8877419354838709,0.14,0.9799498746867168,0.10638297872340426,0.8149629392630512
0.9172932330827068,0.16,0.9899749373433584,0.0425531914893617,0.9172932330827067,0.16,0.9899749373433584,0.0425531914893617,0.08270676691729328,0.16,0.9899749373433584,0.0425531914893617,0.9568627450980391,0.16,0.9899749373433584,0.0425531914893617,0.9196395243427719
0.8108569295579375,0.1,0.9874686716791979,0.1276595744680851,0.8188556497627046,0.1,0.9874686716791979,0.1276595744680851,0.14063307109892956,0.1,0.9874686716791979,0.1276595744680851,0.9043846991960893,0.1,0.9874686716791979,0.1276595744680851,0.804484615794806
0.8208819922145789,0.17,0.9899749373433584,0.02127659574468085,0.8282408148029649,0.17,0.9899749373433584,0.02127659574468085,0.13177866115667747,0.17,0.9899749373433584,0.02127659574468085,0.9097138840893784,0.17,0.9899749373433584,0.02127659574468085,0.9267850477256971
0.774542739828294,0.05,0.9824561403508771,0.2127659574468085,0.7864874953340799,0.05,0.9824561403508771,0.2127659574468085,0.16413855474129405,0.05,0.9824561403508771,0.2127659574468085,0.8864114429953724,0.05,0.9824561403508771,0.2127659574468085,0.7234309177198314
0.8245614035087718,0.16,0.9724310776942355,0.1276595744680851,0.8266410707620114,0.1,0.9724310776942355,0.1276595744680851,0.1568383578768331,0.1,0.9724310776942355,0.1276595744680851,0.9067352966981547,0.1,0.9724310776942355,0.1276595744680851,0.7951794379565938
0.7933130699088147,0.13,0.9799498746867168,0.0425531914893617,0.8024316109422492,0.13,0.9799498746867168,0.0425531914893617,0.15646854317609427,0.13,0.9799498746867168,0.0425531914893617,0.8949152542372881,0.13,0.9799498746867168,0.0425531914893617,0.8734069215592173
0.8284007892070602,0.16,0.9924812030075187,0.0425531914893617,0.83527968858316,0.16,0.9924812030075187,0.0425531914893617,0.12525370410714465,0.16,0.9924812030075187,0.0425531914893617,0.9136724218385441,0.16,0.9924812030075187,0.0425531914893617,0.9029221991148083
0.753159494480883,0.25,0.9924812030075187,0.06382978723404255,0.7582786754119341,0.21,0.9924812030075187,0.06382978723404255,0.2123278487623989,0.21,0.9924812030075187,0.06382978723404255,0.8668881641113177,0.21,0.9924812030075187,0.06382978723404255,0.8469311576814378
0.8421052631578947,0.14,0.9949874686716792,0.1276595744680851,0.8421052631578947,0.14,0.9949874686716792,0.1276595744680851,0.13929760966126278,0.09,0.9949874686716792,0.1276595744680851,0.9142857142857143,0.14,0.9949874686716792,0.1276595744680851,0.8230949714712315
0.8571961819442224,0.13,0.9949874686716792,0.10638297872340426,0.8614621660534315,0.13,0.9949874686716792,0.10638297872340426,0.10890804484926392,0.13,0.9949874686716792,0.10638297872340426,0.9277018490869415,0.13,0.9949874686716792,0.10638297872340426,0.8564762971257932
0.7982722764357701,0.21,0.9924812030075187,0.0425531914893617,0.8021116621340585,0.21,0.9924812030075187,0.0425531914893617,0.16437991699242865,0.16,0.9924812030075187,0.0425531914893617,0.8920914509385286,0.21,0.9924812030075187,0.0425531914893617,0.8910840932117525
0.7482002879539273,0.16,0.9874686716791979,0.0851063829787234,0.7601983682610782,0.16,0.9874686716791979,0.0851063829787234,0.18972436765532308,0.12,0.9874686716791979,0.0851063829787234,0.8696925329428989,0.16,0.9874686716791979,0.0851063829787234,0.8423718871647203
0.7720364741641337,0.1,0.9824561403508771,0.0425531914893617,0.7841945288753799,0.1,0.9824561403508771,0.0425531914893617,0.16628667922905693,0.1,0.9824561403508771,0.0425531914893617,0.8850771869639794,0.1,0.9824561403508771,0.0425531914893617,0.8798592225243961
0.744360902255639,0.11,0.9674185463659147,0.2127659574468085,0.7443609022556391,0.11,0.9674185463659147,0.2127659574468085,0.20500109404192846,0.04,0.9674185463659147,0.2127659574468085,0.8580597383362133,0.06,0.9674185463659147,0.2127659574468085,0.7050338612488668
0.774489415026929,0.25,0.9974937343358395,0.06382978723404255,0.7822748360262358,0.25,0.9974937343358395,0.06382978723404255,0.17541162406235658,0.18,0.9974937343358395,0.06382978723404255,0.8816900561949695,0.25,0.9974937343358395,0.06382978723404255,0.8638084573134964
0.715565509518477,0.12,0.9548872180451128,0.19148936170212766,0.7211646136618141,0.12,0.9548872180451128,0.19148936170212766,0.24620783211194106,0.05,0.9548872180451128,0.19148936170212766,0.8407310704960835,0.12,0.9548872180451128,0.19148936170212766,0.693755665760145
0.7131125686556818,0.14,0.9924812030075187,0.06382978723404255,0.7273502906201674,0.14,0.9924812030075187,0.06382978723404255,0.2320106771990668,0.14,0.9924812030075187,0.06382978723404255,0.8491564464919379,0.14,0.9924812030075187,0.06382978723404255,0.8390657494800832
0.6942889137737962,0.13,0.9649122807017544,0.10638297872340426,0.7054871220604704,0.13,0.9649122807017544,0.10638297872340426,0.24712760015443583,0.1,0.9649122807017544,0.10638297872340426,0.8327825512227364,0.13,0.9649122807017544,0.10638297872340426,0.760811603476777
0.9386231536287526,0.14,0.9924812030075187,0.19148936170212766,0.9394763504505945,0.14,0.9924812030075187,0.19148936170212766,0.04539519387331673,0.14,0.9924812030075187,0.19148936170212766,0.9692201897950764,0.14,0.9924812030075187,0.19148936170212766,0.789980269823495
0.8396523222950996,0.16,0.9924812030075187,0.06382978723404255,0.8446648536234203,0.16,0.9924812030075187,0.06382978723404255,0.12524502021522876,0.16,0.9924812030075187,0.06382978723404255,0.9182874865938142,0.16,0.9924812030075187,0.06382978723404255,0.8814589665653497
0.8521303258145363,0.12,0.9649122807017544,0.3617021276595745,0.8521303258145363,0.12,0.9649122807017544,0.3617021276595745,0.1276050352014028,0.08,0.9649122807017544,0.3617021276595745,0.9201623815967523,0.12,0.9649122807017544,0.3617021276595745,0.5904921879166
0.8283474644056952,0.21,0.9924812030075187,0.0851063829787234,0.831546952487602,0.21,0.9924812030075187,0.0851063829787234,0.13948166774283527,0.19,0.9924812030075187,0.0851063829787234,0.9100739398544583,0.19,0.9924812030075187,0.0851063829787234,0.8540233562629979
0.9298245614035088,0.17,0.9949874686716792,0.0851063829787234,0.9298245614035088,0.17,0.9949874686716792,0.0851063829787234,0.06854850844564563,0.15,0.9949874686716792,0.0851063829787234,0.9636363636363636,0.17,0.9949874686716792,0.0851063829787234,0.8902842211912761
0.7807817415880125,0.07,0.9824561403508771,0.1702127659574468,0.790700154641924,0.07,0.9824561403508771,0.1702127659574468,0.16798755523360098,0.07,0.9824561403508771,0.1702127659574468,0.888037131307082,0.07,0.9824561403508771,0.1702127659574468,0.7521996480563109
0.7832346824508079,0.26,1.0,0.14893617021276595,0.7873940169572868,0.26,1.0,0.14893617021276595,0.18784084203464144,0.25,1.0,0.14893617021276595,0.8831075625728896,0.26,1.0,0.14893617021276595,0.7942195915320215
0.9724310776942355,0.14,0.9949874686716792,0.1276595744680851,0.9724310776942355,0.14,0.9949874686716792,0.1276595744680851,0.027568922305764465,0.14,0.9949874686716792,0.1276595744680851,0.9860228716645489,0.14,0.9949874686716792,0.1276595744680851,0.8611155548445584
0.9047619047619047,0.22,0.9899749373433584,0.0425531914893617,0.9047619047619048,0.22,0.9899749373433584,0.0425531914893617,0.09523809523809523,0.22,0.9899749373433584,0.0425531914893617,0.9500000000000001,0.22,0.9899749373433584,0.0425531914893617,0.9220658028048846
0.8309070548712207,0.08,0.9974937343358395,0.1702127659574468,0.8376259798432251,0.08,0.9974937343358395,0.1702127659574468,0.12310391605597053,0.08,0.9974937343358395,0.1702127659574468,0.9149847094801222,0.08,0.9974937343358395,0.1702127659574468,0.7849944008958567
0.9649122807017543,0.16,1.0,0.0851063829787234,0.9649122807017544,0.16,1.0,0.0851063829787234,0.03508771929824561,0.16,1.0,0.0851063829787234,0.9821428571428572,0.16,1.0,0.0851063829787234,0.9075081320322081
0.8709539806964219,0.14,0.9899749373433584,0.14893617021276595,0.8732469471551217,0.14,0.9899749373433584,0.14893617021276595,0.10984963441313576,0.14,0.9899749373433584,0.14893617021276595,0.9334777404092799,0.14,0.9899749373433584,0.14893617021276595,0.8110968911640805
0.8596491228070176,0.18,0.9849624060150376,0.0851063829787234,0.8596491228070176,0.18,0.9849624060150376,0.0851063829787234,0.13177866115667747,0.13,0.9849624060150376,0.0851063829787234,0.9245283018867925,0.18,0.9849624060150376,0.0851063829787234,0.8615421532554793
0.7894736842105263,0.18,0.9799498746867168,0.14893617021276595,0.7894736842105263,0.18,0.9799498746867168,0.14893617021276595,0.1991349004800566,0.14,0.9799498746867168,0.14893617021276595,0.8823529411764706,0.18,0.9799498746867168,0.14893617021276595,0.7604916546685864
0.7732629445955315,0.12,0.9874686716791979,0.0425531914893617,0.7836612808617288,0.12,0.9874686716791979,0.0425531914893617,0.1749657673977806,0.12,0.9874686716791979,0.0425531914893617,0.8838635953569495,0.12,0.9874686716791979,0.0425531914893617,0.8663947101797046
0.8559163867114594,0.19,0.9899749373433584,0.1276595744680851,0.8585293019783501,0.19,0.9899749373433584,0.1276595744680851,0.11673988961162139,0.16,0.9899749373433584,0.1276595744680851,0.9251810136765889,0.19,0.9899749373433584,0.1276595744680851,0.8312536660800939
0.8647149789367035,0.13,0.9924812030075187,0.0851063829787234,0.8686610142377219,0.13,0.9924812030075187,0.0851063829787234,0.10202924248498363,0.13,0.9924812030075187,0.0851063829787234,0.931682347221825,0.13,0.9924812030075187,0.0851063829787234,0.8779661920759346
0.8383725270623366,0.12,0.9774436090225563,0.0851063829787234,0.8413587159387831,0.12,0.9774436090225563,0.0851063829787234,0.14063307109892956,0.1,0.9774436090225563,0.0851063829787234,0.9153299492385787,0.12,0.9774436090225563,0.0851063829787234,0.8560496987148722
0.8032848077640911,0.15,0.9849624060150376,0.1276595744680851,0.8070175438596491,0.15,0.9849624060150376,0.1276595744680851,0.1767240636282861,0.15,0.9849624060150376,0.1276595744680851,0.8950527841026702,0.15,0.9849624060150376,0.1276595744680851,0.7887804617927797
0.6679464618994295,0.21,0.9824561403508771,0.0851063829787234,0.68213085906255,0.11,0.9824561403508771,0.0851063829787234,0.2526670500114093,0.11,0.9824561403508771,0.0851063829787234,0.8246784643651485,0.11,0.9824561403508771,0.0851063829787234,0.7984322508398657
0.765690822801685,0.06,0.924812030075188,0.48936170212765956,0.7702234309177197,0.06,0.924812030075188,0.48936170212765956,0.20088658709994833,0.04,0.924812030075188,0.48936170212765956,0.8724329548200047,0.06,0.924812030075188,0.48936170212765956,0.436436836772783
0.9097744360902256,0.15,0.9849624060150376,0.1276595744680851,0.9097744360902256,0.15,0.9849624060150376,0.1276595744680851,0.0878291207300315,0.12,0.9849624060150376,0.1276595744680851,0.952755905511811,0.15,0.9849624060150376,0.1276595744680851,0.8369860822268437
0.7318828987362023,0.07,0.9523809523809523,0.3404255319148936,0.7414813629819229,0.07,0.9523809523809523,0.3404255319148936,0.22238957371950333,0.06,0.9523809523809523,0.3404255319148936,0.8562719379272122,0.07,0.9523809523809523,0.3404255319148936,0.5662560656961552
0.7180717751826373,0.22,1.0,0.0851063829787234,0.7236175545246094,0.22,1.0,0.0851063829787234,0.24578159332084706,0.15,1.0,0.0851063829787234,0.8423600980787734,0.22,1.0,0.0851063829787234,0.8287207380152509
0.9336106223004319,0.11,0.9974937343358395,0.19148936170212766,0.9345704687250039,0.11,0.9974937343358395,0.19148936170212766,0.0498784184010657,0.11,0.9974937343358395,0.19148936170212766,0.9666583933151319,0.11,0.9974937343358395,0.19148936170212766,0.7978190156241669
0.758225350610569,0.07,0.9674185463659147,0.2127659574468085,0.7695835333013384,0.07,0.9674185463659147,0.2127659574468085,0.18904659665236864,0.07,0.9674185463659147,0.2127659574468085,0.8754094383112945,0.07,0.9674185463659147,0.2127659574468085,0.7039673652215644
0.8809790433530633,0.16,0.9924812030075187,0.0425531914893617,0.8830587106063029,0.16,0.9924812030075187,0.0425531914893617,0.10003326254138162,0.16,0.9924812030075187,0.0425531914893617,0.9389351930600442,0.16,0.9924812030075187,0.0425531914893617,0.9181997547059136
0.8759665120247426,0.16,0.9924812030075187,0.1276595744680851,0.8781528288807123,0.16,0.9924812030075187,0.1276595744680851,0.10493651617701479,0.16,0.9924812030075187,0.1276595744680851,0.9362137578169414,0.16,0.9924812030075187,0.1276595744680851,0.8398656215005598
0.7994987468671679,0.14,0.9724310776942355,0.23404255319148937,0.7994987468671679,0.14,0.9724310776942355,0.23404255319148937,0.1749657673977806,0.09,0.9724310776942355,0.23404255319148937,0.8885793871866295,0.14,0.9724310776942355,0.23404255319148937,0.6981282994720843
0.8145896656534954,0.18,0.9924812030075187,0.06382978723404255,0.8206686930091185,0.18,0.9924812030075187,0.06382978723404255,0.14063307109892956,0.17,0.9924812030075187,0.06382978723404255,0.9045226130653266,0.18,0.9924812030075187,0.06382978723404255,0.8838585826267795
0.8195488721804511,0.22,0.9924812030075187,0.14893617021276595,0.8195488721804511,0.22,0.9924812030075187,0.14893617021276595,0.1656719967318019,0.17,0.9924812030075187,0.14893617021276595,0.9008264462809917,0.22,0.9924812030075187,0.14893617021276595,0.7913933770596705
0.9010291686663465,0.1,0.9899749373433584,0.14893617021276595,0.9026822375086652,0.1,0.9899749373433584,0.14893617021276595,0.08055487427981829,0.1,0.9899749373433584,0.14893617021276595,0.9496774193548387,0.1,0.9899749373433584,0.14893617021276595,0.8140564176398442
0.73321601877033,0.18,0.9924812030075187,0.0851063829787234,0.7502799552071668,0.18,0.9924812030075187,0.0851063829787234,0.19247290657928803,0.18,0.9924812030075187,0.0851063829787234,0.8657662369627419,0.18,0.9924812030075187,0.0851063829787234,0.8121367247907002
0.8910041060097051,0.17,1.0,0.14893617021276595,0.8928704740574841,0.17,1.0,0.14893617021276595,0.07993679422691395,0.14,1.0,0.14893617021276595,0.9447219165326336,0.14,1.0,0.14893617021276595,0.8249346771183278
0.8071241934623794,0.15,0.9874686716791979,0.06382978723404255,0.8162960592971791,0.15,0.9874686716791979,0.06382978723404255,0.13732204876835383,0.15,0.9874686716791979,0.06382978723404255,0.903419988786922,0.15,0.9874686716791979,0.06382978723404255,0.876553084839759
0.8496773849517409,0.04,0.9799498746867168,0.2765957446808511,0.8542633178691409,0.04,0.9799498746867168,0.2765957446808511,0.11586640047980816,0.04,0.9799498746867168,0.2765957446808511,0.9236889901115691,0.04,0.9799498746867168,0.2765957446808511,0.6775182637444676
0.8395989974937343,0.19,0.9924812030075187,0.06382978723404255,0.8395989974937343,0.19,0.9924812030075187,0.06382978723404255,0.14511739962149214,0.11,0.9924812030075187,0.06382978723404255,0.9128065395095368,0.19,0.9924812030075187,0.06382978723404255,0.8768730336479498
0.8747400415933451,0.17,0.9974937343358395,0.06382978723404255,0.8782594784834427,0.17,0.9974937343358395,0.06382978723404255,0.09301173796807455,0.17,0.9974937343358395,0.06382978723404255,0.9369400119464119,0.17,0.9974937343358395,0.06382978723404255,0.9070015464192394
0.8471177944862154,0.17,0.9924812030075187,0.1276595744680851,0.8471177944862155,0.17,0.9924812030075187,0.1276595744680851,0.13929760966126278,0.11,0.9924812030075187,0.1276595744680851,0.9172320217096337,0.17,0.9924812030075187,0.1276595744680851,0.819735508985229
0.7932597451074495,0.21,0.9924812030075187,0.1276595744680851,0.797205780408468,0.21,0.9924812030075187,0.1276595744680851,0.17263465278836165,0.19,0.9924812030075187,0.1276595744680851,0.8891135626988611,0.21,0.9924812030075187,0.1276595744680851,0.8000853196821843
0.8358662613981762,0.23,0.9924812030075187,0.0425531914893617,0.8389057750759877,0.23,0.9924812030075187,0.0425531914893617,0.1442633391872729,0.22,0.9924812030075187,0.0425531914893617,0.9139072847682118,0.23,0.9924812030075187,0.0425531914893617,0.9018557030875062
0.8872180451127818,0.09,0.9824561403508771,0.2553191489361702,0.8872180451127819,0.09,0.9824561403508771,0.2553191489361702,0.10202924248498363,0.08,0.9824561403508771,0.2553191489361702,0.9402390438247012,0.09,0.9824561403508771,0.2553191489361702,0.7104463285874261
0.7832346824508079,0.18,0.9899749373433584,0.10638297872340426,0.7873940169572868,0.18,0.9899749373433584,0.10638297872340426,0.18198704741067329,0.14,0.9899749373433584,0.10638297872340426,0.8831075625728896,0.18,0.9899749373433584,0.10638297872340426,0.826774382765424
0.8408787927264969,0.17,0.9874686716791979,0.14893617021276595,0.8438116568015783,0.17,0.9874686716791979,0.14893617021276595,0.1276050352014028,0.15,0.9874686716791979,0.14893617021276595,0.9169278996865203,0.15,0.9874686716791979,0.14893617021276595,0.8049112142057271
0.8809790433530633,0.18,1.0,0.0425531914893617,0.8830587106063029,0.18,1.0,0.0425531914893617,0.10003326254138162,0.18,1.0,0.0425531914893617,0.9389351930600442,0.18,1.0,0.0425531914893617,0.9330507118860983
0.808297339092412,0.13,0.9899749373433584,0.23404255319148937,0.8119234255852397,0.13,0.9899749373433584,0.23404255319148937,0.154183690665332,0.09,0.9899749373433584,0.23404255319148937,0.8979976998614019,0.13,0.9899749373433584,0.23404255319148937,0.7131658934570468
0.8171492561190208,0.15,0.9849624060150376,0.10638297872340426,0.8254679251319789,0.15,0.9849624060150376,0.10638297872340426,0.12960345871893833,0.15,0.9849624060150376,0.10638297872340426,0.9085306805176513,0.15,0.9849624060150376,0.10638297872340426,0.8352796885831598
0.795819335572975,0.05,0.9724310776942355,0.2765957446808511,0.8047779022023143,0.05,0.9724310776942355,0.2765957446808511,0.154183690665332,0.05,0.9724310776942355,0.2765957446808511,0.8962793598004573,0.05,0.9724310776942355,0.2765957446808511,0.6599744040953446
0.8271209939742974,0.07,0.9849624060150376,0.1702127659574468,0.8326667733162695,0.07,0.9849624060150376,0.1702127659574468,0.13709701689129122,0.07,0.9849624060150376,0.1702127659574468,0.9114522530936261,0.07,0.9849624060150376,0.1702127659574468,0.7714765637498
0.8872180451127818,0.12,0.9824561403508771,0.10638297872340426,0.8872180451127819,0.12,0.9824561403508771,0.10638297872340426,0.10431236211739613,0.1,0.9824561403508771,0.10638297872340426,0.9402390438247012,0.12,0.9824561403508771,0.10638297872340426,0.853170159441156
0.8421585879592599,0.06,0.9624060150375939,0.19148936170212766,0.8470644696848505,0.06,0.9624060150375939,0.19148936170212766,0.12289079666042352,0.06,0.9624060150375939,0.19148936170212766,0.9196433740519887,0.06,0.9624060150375939,0.19148936170212766,0.7481736255532451
0.7218578360795607,0.23,0.9849624060150376,0.0851063829787234,0.7360422332426811,0.18,0.9849624060150376,0.0851063829787234,0.209475410713075,0.14,0.9849624060150376,0.0851063829787234,0.8561592854484555,0.18,0.9849624060150376,0.0851063829787234,0.8317069268916975
0.7945395403402122,0.09,0.9874686716791979,0.19148936170212766,0.8014717645176772,0.09,0.9874686716791979,0.19148936170212766,0.16837325241463208,0.09,0.9874686716791979,0.19148936170212766,0.8932338870234452,0.09,0.9874686716791979,0.19148936170212766,0.7398282941396045
0.8696741854636592,0.1,0.9874686716791979,0.10638297872340426,0.8696741854636592,0.1,0.9874686716791979,0.10638297872340426,0.12710669720693718,0.09,0.9874686716791979,0.10638297872340426,0.9302949061662198,0.1,0.9874686716791979,0.10638297872340426,0.8355996373913506
0.8696741854636592,0.14,0.9799498746867168,0.10638297872340426,0.8696741854636592,0.14,0.9799498746867168,0.10638297872340426,0.13032581453634084,0.14,0.9799498746867168,0.10638297872340426,0.9302949061662198,0.14,0.9799498746867168,0.10638297872340426,0.837865941449368
0.8471711192875806,0.2,0.9949874686716792,0.1276595744680851,0.8518637018077109,0.2,0.9949874686716792,0.1276595744680851,0.11820110718411513,0.2,0.9949874686716792,0.1276595744680851,0.9223441108545036,0.2,0.9949874686716792,0.1276595744680851,0.8393057110862263
0.8271209939742974,0.28,0.9949874686716792,0.0425531914893617,0.8326667733162695,0.28,0.9949874686716792,0.0425531914893617,0.13709701689129122,0.28,0.9949874686716792,0.0425531914893617,0.9114522530936261,0.28,0.9949874686716792,0.0425531914893617,0.9100943848984162
0.8985229030021862,0.1,0.9899749373433584,0.2127659574468085,0.9002292966458699,0.1,0.9899749373433584,0.2127659574468085,0.082069277370647,0.08,0.9899749373433584,0.2127659574468085,0.9483470494059489,0.1,0.9899749373433584,0.2127659574468085,0.7637178051511758
0.645443395723351,0.19,0.9874686716791979,0.0425531914893617,0.664000426598411,0.19,0.9874686716791979,0.0425531914893617,0.27859521932252557,0.13,0.9874686716791979,0.0425531914893617,0.8076923076923077,0.16,0.9874686716791979,0.0425531914893617,0.8284541140084254
0.8396523222950996,0.13,0.9974937343358395,0.1702127659574468,0.8446648536234203,0.13,0.9974937343358395,0.1702127659574468,0.12524502021522876,0.13,0.9974937343358395,0.1702127659574468,0.9182874865938142,0.13,0.9974937343358395,0.1702127659574468,0.7838745800671892
0.7131658934570468,0.15,0.9899749373433584,0.10638297872340426,0.7323628219484882,0.15,0.9899749373433584,0.10638297872340426,0.209475410713075,0.15,0.9899749373433584,0.10638297872340426,0.8549817910169016,0.15,0.9899749373433584,0.10638297872340426,0.8064043086439503
0.7444142270570042,0.16,0.9849624060150376,0.0425531914893617,0.7534794432890738,0.16,0.9849624060150376,0.0425531914893617,0.21724100641161082,0.16,0.9849624060150376,0.0425531914893617,0.8638767462476692,0.16,0.9849624060150376,0.0425531914893617,0.8469844824828027
0.7418546365914787,0.26,1.0,0.1276595744680851,0.7418546365914787,0.26,1.0,0.1276595744680851,0.2489243365957354,0.24,1.0,0.1276595744680851,0.8517985611510791,0.26,1.0,0.1276595744680851,0.7743294406228338
0.7593984962406015,0.15,0.9824561403508771,0.1276595744680851,0.7604116674665387,0.13,0.9824561403508771,0.1276595744680851,0.21437631312587982,0.07,0.9824561403508771,0.1276595744680851,0.8662373952132183,0.13,0.9824561403508771,0.1276595744680851,0.7871807177518264
0.8546899162800619,0.16,0.9899749373433584,0.0851063829787234,0.8590625499920013,0.16,0.9899749373433584,0.0851063829787234,0.1112193913255085,0.16,0.9899749373433584,0.0851063829787234,0.9263678445128087,0.16,0.9899749373433584,0.0851063829787234,0.8685010398336265
0.7356689596331254,0.2,0.9849624060150376,0.10638297872340426,0.748466911960753,0.2,0.9849624060150376,0.10638297872340426,0.19878228599591982,0.17,0.9849624060150376,0.10638297872340426,0.862453531598513,0.2,0.9849624060150376,0.10638297872340426,0.8136298192289232
0.9273182957393482,0.2,1.0,0.1276595744680851,0.9273182957393483,0.2,1.0,0.1276595744680851,0.06617059969182643,0.19,1.0,0.1276595744680851,0.9622886866059818,0.2,1.0,0.1276595744680851,0.8561563483176026
0.7620114115074921,0.22,0.9949874686716792,0.06382978723404255,0.7750226630405801,0.22,0.9949874686716792,0.06382978723404255,0.1749744700991553,0.22,0.9949874686716792,0.06382978723404255,0.8797022062161426,0.22,0.9949874686716792,0.06382978723404255,0.8664746973817523
0.787020743347731,0.14,0.9724310776942355,0.10638297872340426,0.7942729163333867,0.14,0.9724310776942355,0.10638297872340426,0.16437991699242865,0.09,0.9724310776942355,0.10638297872340426,0.888935306755789,0.14,0.9724310776942355,0.10638297872340426,0.8138431184343837
0.8847117794486214,0.13,0.9924812030075187,0.1276595744680851,0.8847117794486216,0.13,0.9924812030075187,0.1276595744680851,0.11353900878509808,0.12,0.9924812030075187,0.1276595744680851,0.9388297872340426,0.13,0.9924812030075187,0.1276595744680851,0.833280008531968
0.8371460566309392,0.25,0.9974937343358395,0.0425531914893617,0.8422652375619901,0.25,0.9974937343358395,0.0425531914893617,0.1276050352014028,0.25,0.9974937343358395,0.0425531914893617,0.9169278996865203,0.25,0.9974937343358395,0.0425531914893617,0.9195328747400414
0.6805311150215965,0.28,1.0,0.0425531914893617,0.6968485042393218,0.28,1.0,0.0425531914893617,0.25178172190561665,0.24,1.0,0.0425531914893617,0.8293193717277488,0.28,1.0,0.0425531914893617,0.8707673438916438
0.7067669172932329,0.25,0.9824561403508771,0.1276595744680851,0.7203114168399724,0.14,0.9824561403508771,0.1276595744680851,0.23173280095961624,0.1,0.9824561403508771,0.1276595744680851,0.8446717710556044,0.1,0.9824561403508771,0.1276595744680851,0.767077267637178
0.8822055137844611,0.12,0.9949874686716792,0.1702127659574468,0.8822055137844611,0.12,0.9949874686716792,0.1702127659574468,0.1042169091339135,0.06,0.9949874686716792,0.1702127659574468,0.9374167776298269,0.12,0.9949874686716792,0.1702127659574468,0.8004852556924225
0.8233349330773743,0.21,0.9924812030075187,0.0851063829787234,0.8266410707620114,0.21,0.9924812030075187,0.0851063829787234,0.14287084661410418,0.17,0.9924812030075187,0.0851063829787234,0.9067352966981547,0.21,0.9924812030075187,0.0851063829787234,0.860235695622034
0.9336106223004319,0.1,0.9874686716791979,0.19148936170212766,0.9345704687250039,0.1,0.9874686716791979,0.19148936170212766,0.0498784184010657,0.1,0.9874686716791979,0.19148936170212766,0.9666583933151319,0.1,0.9874686716791979,0.19148936170212766,0.7893403722071135
0.8270676691729322,0.2,0.9849624060150376,0.10638297872340426,0.8270676691729323,0.2,0.9849624060150376,0.10638297872340426,0.13840449882991884,0.15,0.9849624060150376,0.10638297872340426,0.9057225195553725,0.15,0.9849624060150376,0.10638297872340426,0.8357862741961284
0.7042606516290726,0.25,0.9849624060150376,0.0851063829787234,0.712739295046126,0.15,0.9849624060150376,0.0851063829787234,0.2230927492854158,0.15,0.9849624060150376,0.0851063829787234,0.8437864966383637,0.15,0.9849624060150376,0.0851063829787234,0.804564602996854
0.807017543859649,0.16,0.9774436090225563,0.14893617021276595,0.8070175438596491,0.16,0.9774436090225563,0.14893617021276595,0.16413855474129405,0.1,0.9774436090225563,0.14893617021276595,0.8932338870234452,0.12,0.9774436090225563,0.14893617021276595,0.7757158854583266
0.8597024476083828,0.08,0.9799498746867168,0.23404255319148937,0.8638617821148616,0.08,0.9799498746867168,0.23404255319148937,0.10660550733484969,0.08,0.9799498746867168,0.23404255319148937,0.9290322580645161,0.08,0.9799498746867168,0.23404255319148937,0.7182317495867327
0.8496773849517409,0.22,0.9924812030075187,0.0425531914893617,0.8542633178691409,0.22,0.9924812030075187,0.0425531914893617,0.11586640047980816,0.22,0.9924812030075187,0.0425531914893617,0.9236889901115691,0.22,0.9924812030075187,0.0425531914893617,0.9088679144670188
0.8722337759291847,0.06,0.9849624060150376,0.2127659574468085,0.8758598624220125,0.06,0.9849624060150376,0.2127659574468085,0.09524723107606939,0.06,0.9849624060150376,0.2127659574468085,0.9356308743947593,0.06,0.9849624060150376,0.2127659574468085,0.7475603903375461
0.7331093691675998,0.16,0.9824561403508771,0.10638297872340426,0.7383351997013811,0.16,0.9824561403508771,0.10638297872340426,0.24166462283945472,0.14,0.9824561403508771,0.10638297872340426,0.8520353219900926,0.16,0.9824561403508771,0.10638297872340426,0.7843811656801578
0.8596491228070176,0.27,0.9974937343358395,0.02127659574468085,0.8609822428411454,0.25,0.9974937343358395,0.02127659574468085,0.12216777164745019,0.25,0.9974937343358395,0.02127659574468085,0.9265731255918052,0.25,0.9974937343358395,0.02127659574468085,0.9446488561830108
0.7231376313123232,0.14,0.974937343358396,0.14893617021276595,0.7367354556604276,0.14,0.974937343358396,0.14893617021276595,0.21321101466969933,0.12,0.974937343358396,0.14893617021276595,0.8561592854484555,0.12,0.974937343358396,0.14893617021276595,0.755079187330027
0.7757692102596918,0.12,0.9899749373433584,0.0425531914893617,0.7860075721217938,0.12,0.9899749373433584,0.0425531914893617,0.17263465278836165,0.12,0.9899749373433584,0.0425531914893617,0.8852587009399117,0.12,0.9899749373433584,0.0425531914893617,0.8722337759291845
0.808297339092412,0.19,0.9924812030075187,0.0851063829787234,0.8119234255852397,0.19,0.9924812030075187,0.0851063829787234,0.15869386525221862,0.18,0.9924812030075187,0.0851063829787234,0.8989096066901097,0.18,0.9924812030075187,0.0851063829787234,0.8568762331360315
0.733162693968965,0.25,0.9974937343358395,0.0425531914893617,0.7461206207006879,0.25,0.9974937343358395,0.0425531914893617,0.1988249596901025,0.16,0.9974937343358395,0.0425531914893617,0.8621977954117394,0.16,0.9974937343358395,0.0425531914893617,0.8871913827120994
0.6905561776782383,0.2,0.9949874686716792,0.0851063829787234,0.706233669279582,0.2,0.9949874686716792,0.0851063829787234,0.2493920920053285,0.18,0.9949874686716792,0.0851063829787234,0.8355045263855155,0.2,0.9949874686716792,0.0851063829787234,0.806724257452141
0.7682504132672106,0.15,0.9899749373433584,0.06382978723404255,0.7793952967525195,0.13,0.9899749373433584,0.06382978723404255,0.16629845229572052,0.13,0.9899749373433584,0.06382978723404255,0.8827686175031708,0.13,0.9899749373433584,0.06382978723404255,0.868421052631579
0.7231376313123232,0.18,0.9899749373433584,0.02127659574468085,0.7411614141737323,0.14,0.9899749373433584,0.02127659574468085,0.1972559003909143,0.14,0.9899749373433584,0.02127659574468085,0.8608324043106652,0.14,0.9899749373433584,0.02127659574468085,0.8905241827974192
0.7882472137791288,0.19,0.9949874686716792,0.1276595744680851,0.7922998986828774,0.19,0.9949874686716792,0.1276595744680851,0.16413855474129405,0.15,0.9949874686716792,0.1276595744680851,0.8864114429953724,0.15,0.9949874686716792,0.1276595744680851,0.814616328054178
0.8045646029968538,0.17,0.9974937343358395,0.06382978723404255,0.8110702287633978,0.17,0.9974937343358395,0.06382978723404255,0.15869386525221862,0.17,0.9974937343358395,0.06382978723404255,0.8989096066901097,0.17,0.9974937343358395,0.06382978723404255,0.8751133152029007
0.7519863488508505,0.06,0.9824561403508771,0.10638297872340426,0.7658507972057803,0.06,0.9824561403508771,0.10638297872340426,0.18379846149103718,0.06,0.9824561403508771,0.10638297872340426,0.8742657129812813,0.06,0.9824561403508771,0.10638297872340426,0.8162960592971791
0.6681064363035247,0.22,0.9974937343358395,0.06382978723404255,0.6953554098010984,0.22,0.9974937343358395,0.06382978723404255,0.23591394750628636,0.22,0.9974937343358395,0.06382978723404255,0.8337062847644012,0.22,0.9974937343358395,0.06382978723404255,0.845518050445262
0.7795019463552499,0.07,0.9573934837092731,0.14893617021276595,0.7870740681490962,0.07,0.9573934837092731,0.14893617021276595,0.17263465278836165,0.05,0.9573934837092731,0.14893617021276595,0.8852587009399117,0.05,0.9573934837092731,0.14893617021276595,0.7626513091238735
0.7619580867061271,0.12,0.9724310776942355,0.14893617021276595,0.770276755719085,0.12,0.9724310776942355,0.14893617021276595,0.19377215891013855,0.1,0.9724310776942355,0.14893617021276595,0.8743417468676231,0.12,0.9724310776942355,0.14893617021276595,0.7571855169839491
0.7255905721751186,0.17,0.9799498746867168,0.10638297872340426,0.7309763771129952,0.17,0.9799498746867168,0.10638297872340426,0.24578159332084706,0.12,0.9799498746867168,0.10638297872340426,0.8472187886279358,0.17,0.9799498746867168,0.10638297872340426,0.7547325761211539
0.808297339092412,0.08,0.974937343358396,0.2553191489361702,0.8119234255852397,0.08,0.974937343358396,0.2553191489361702,0.15872264849367615,0.05,0.974937343358396,0.2553191489361702,0.8979976998614019,0.08,0.974937343358396,0.2553191489361702,0.6841572015144244
0.736948754865888,0.06,0.9548872180451128,0.2127659574468085,0.7520929984535807,0.06,0.9548872180451128,0.2127659574468085,0.1972497665175332,0.06,0.9548872180451128,0.2127659574468085,0.8659933073404353,0.06,0.9548872180451128,0.2127659574468085,0.6829040686823442
0.7306031035034395,0.19,0.9699248120300752,0.14893617021276595,0.7358822588385857,0.19,0.9699248120300752,0.14893617021276595,0.23406573357032973,0.12,0.9699248120300752,0.14893617021276595,0.8504344610833794,0.19,0.9699248120300752,0.14893617021276595,0.7354023356262998
0.8021116621340585,0.21,0.9974937343358395,0.0425531914893617,0.8117101263797791,0.21,0.9974937343358395,0.0425531914893617,0.14129000591656737,0.21,0.9974937343358395,0.0425531914893617,0.900843320017754,0.21,0.9974937343358395,0.0425531914893617,0.9039087079400628
0.6541353383458648,0.28,0.9624060150375939,0.0851063829787234,0.6695462059403828,0.07,0.9624060150375939,0.0851063829787234,0.2792066740093829,0.06,0.9624060150375939,0.0851063829787234,0.8131861014863507,0.07,0.9624060150375939,0.0851063829787234,0.7513997760358342
0.7869674185463658,0.15,0.974937343358396,0.2127659574468085,0.7869674185463659,0.15,0.974937343358396,0.2127659574468085,0.18198704741067329,0.1,0.974937343358396,0.2127659574468085,0.8807854137447405,0.15,0.974937343358396,0.2127659574468085,0.7100197301765051
0.7180717751826373,0.21,0.9924812030075187,0.1276595744680851,0.7236175545246094,0.21,0.9924812030075187,0.1276595744680851,0.2376924892822837,0.11,0.9924812030075187,0.1276595744680851,0.8438726559092891,0.17,0.9924812030075187,0.1276595744680851,0.7745160774276116
0.724364101743721,0.15,0.9724310776942355,0.0851063829787234,0.7342825147976324,0.15,0.9724310776942355,0.0851063829787234,0.2368337954408858,0.14,0.9724310776942355,0.0851063829787234,0.8516559977734484,0.15,0.9724310776942355,0.0851063829787234,0.8024049485415666
0.7757692102596918,0.18,0.9849624060150376,0.0425531914893617,0.7860075721217938,0.18,0.9849624060150376,0.0425531914893617,0.17263465278836165,0.18,0.9849624060150376,0.0425531914893617,0.8852587009399117,0.18,0.9849624060150376,0.0425531914893617,0.8771929824561402
0.6755185836932758,0.15,0.9924812030075187,0.10638297872340426,0.6921559217191916,0.15,0.9924812030075187,0.10638297872340426,0.2683533369954359,0.15,0.9924812030075187,0.10638297872340426,0.8261990388593615,0.15,0.9924812030075187,0.10638297872340426,0.7791553351463765
0.9022556390977443,0.19,0.9974937343358395,0.0851063829787234,0.9022556390977443,0.19,0.9974937343358395,0.0851063829787234,0.08858424436481377,0.16,0.9974937343358395,0.0851063829787234,0.9486166007905138,0.19,0.9974937343358395,0.0851063829787234,0.8916706660267689
0.7306564283048047,0.11,0.974937343358396,0.19148936170212766,0.7437743294406228,0.11,0.974937343358396,0.19148936170212766,0.21519794920465282,0.11,0.974937343358396,0.19148936170212766,0.8595285780311199,0.11,0.974937343358396,0.19148936170212766,0.7155655095184771
0.8145896656534954,0.08,0.9799498746867168,0.1276595744680851,0.8206686930091185,0.08,0.9799498746867168,0.1276595744680851,0.1490601803676502,0.08,0.9799498746867168,0.1276595744680851,0.9045226130653266,0.08,0.9799498746867168,0.1276595744680851,0.7958459979736576
0.8220551378446115,0.14,0.9874686716791979,0.14893617021276595,0.8220551378446115,0.14,0.9874686716791979,0.14893617021276595,0.1490601803676502,0.11,0.9874686716791979,0.14893617021276595,0.9045226130653266,0.11,0.9874686716791979,0.14893617021276595,0.7945128779395297
0.7932597451074495,0.26,0.9924812030075187,0.0425531914893617,0.797205780408468,0.26,0.9924812030075187,0.0425531914893617,0.1624773883347531,0.16,0.9924812030075187,0.0425531914893617,0.8891135626988611,0.26,0.9924812030075187,0.0425531914893617,0.8851383778595426
0.7681970884658456,0.26,0.9949874686716792,0.06382978723404255,0.7742761158214685,0.22,0.9949874686716792,0.06382978723404255,0.18433619499063533,0.22,0.9949874686716792,0.06382978723404255,0.8782435129740519,0.22,0.9949874686716792,0.06382978723404255,0.8733802591585347
0.8395989974937343,0.15,0.9874686716791979,0.10638297872340426,0.8395989974937343,0.15,0.9874686716791979,0.10638297872340426,0.14941439014278043,0.1,0.9874686716791979,0.10638297872340426,0.9128065395095368,0.15,0.9874686716791979,0.10638297872340426,0.8317602516930624
0.8922305764411027,0.11,0.9924812030075187,0.1702127659574468,0.8922305764411027,0.11,0.9924812030075187,0.1702127659574468,0.10003326254138162,0.1,0.9924812030075187,0.1702127659574468,0.9430463576158941,0.11,0.9924812030075187,0.1702127659574468,0.8039247053804723
0.7845144776835706,0.13,0.9849624060150376,0.02127659574468085,0.7918733002719565,0.13,0.9849624060150376,0.02127659574468085,0.17809089014099705,0.13,0.9849624060150376,0.02127659574468085,0.8874943971313312,0.13,0.9849624060150376,0.02127659574468085,0.9123606889564335
0.8521836506159015,0.17,0.9949874686716792,0.0425531914893617,0.8566629339305711,0.17,0.9949874686716792,0.0425531914893617,0.11353900878509808,0.17,0.9949874686716792,0.0425531914893617,0.9250302297460702,0.17,0.9949874686716792,0.0425531914893617,0.9107076201141151
0.8108569295579375,0.1,0.9949874686716792,0.06382978723404255,0.8188556497627046,0.1,0.9949874686716792,0.06382978723404255,0.14063307109892956,0.1,0.9949874686716792,0.06382978723404255,0.9043846991960893,0.1,0.9949874686716792,0.06382978723404255,0.8640217565189571
0.715565509518477,0.23,0.9874686716791979,0.0851063829787234,0.7222844344904815,0.21,0.9874686716791979,0.0851063829787234,0.2376924892822837,0.14,0.9874686716791979,0.0851063829787234,0.8438726559092891,0.21,0.9874686716791979,0.0851063829787234,0.8145096784514478
0.8358662613981762,0.13,0.9874686716791979,0.1702127659574468,0.8389057750759877,0.13,0.9874686716791979,0.1702127659574468,0.14443287988470183,0.13,0.9874686716791979,0.1702127659574468,0.9139072847682118,0.13,0.9874686716791979,0.1702127659574468,0.7871273929504613
0.7181250999840025,0.05,0.9448621553884712,0.2553191489361702,0.7320428731402975,0.05,0.9448621553884712,0.2553191489361702,0.22719575908550446,0.05,0.9448621553884712,0.2553191489361702,0.8521415270018621,0.05,0.9448621553884712,0.2553191489361702,0.6322988321868502
0.7218578360795607,0.14,0.9649122807017544,0.19148936170212766,0.7318828987362023,0.14,0.9649122807017544,0.19148936170212766,0.22104202425041197,0.07,0.9649122807017544,0.19148936170212766,0.8501083926912357,0.14,0.9649122807017544,0.19148936170212766,0.7039140404201994
0.7156188343198422,0.06,0.9573934837092731,0.19148936170212766,0.7296965818802326,0.06,0.9573934837092731,0.19148936170212766,0.21900077835677384,0.04,0.9573934837092731,0.19148936170212766,0.8506511671277158,0.06,0.9573934837092731,0.19148936170212766,0.7050338612488669
0.7832880072521728,0.2,0.9799498746867168,0.02127659574468085,0.7933663947101797,0.17,0.9799498746867168,0.02127659574468085,0.15775759238183612,0.17,0.9799498746867168,0.02127659574468085,0.8903916933480954,0.17,0.9799498746867168,0.02127659574468085,0.8983096037967256
0.7719298245614035,0.26,0.9924812030075187,0.02127659574468085,0.7773156294992801,0.19,0.9924812030075187,0.02127659574468085,0.1727889455647522,0.19,0.9924812030075187,0.02127659574468085,0.8810516772438803,0.19,0.9924812030075187,0.02127659574468085,0.9163867114594998
0.6854903215485522,0.25,0.9924812030075187,0.0425531914893617,0.6921559217191916,0.2,0.9924812030075187,0.0425531914893617,0.25700521307825447,0.17,0.9924812030075187,0.0425531914893617,0.8261990388593615,0.2,0.9924812030075187,0.0425531914893617,0.8613821788513838
0.7269236922092466,0.2,0.9949874686716792,0.06382978723404255,0.7429211326187809,0.2,0.9949874686716792,0.06382978723404255,0.2063390148700953,0.2,0.9949874686716792,0.06382978723404255,0.8603983325613709,0.2,0.9949874686716792,0.06382978723404255,0.8543166426705062
0.8884978403455448,0.14,0.9899749373433584,0.1702127659574468,0.8904175331946889,0.14,0.9899749373433584,0.1702127659574468,0.08944325841245111,0.09,0.9899749373433584,0.1702127659574468,0.9429902583650995,0.14,0.9899749373433584,0.1702127659574468,0.8006718924972004
0.8283474644056952,0.12,0.9874686716791979,0.10638297872340426,0.831546952487602,0.12,0.9874686716791979,0.10638297872340426,0.14963525520319707,0.11,0.9874686716791979,0.10638297872340426,0.9096158894041474,0.12,0.9874686716791979,0.10638297872340426,0.82829413960433
0.7782754759238522,0.18,0.9899749373433584,0.06382978723404255,0.7883538633818589,0.18,0.9899749373433584,0.06382978723404255,0.1703085131776472,0.18,0.9899749373433584,0.06382978723404255,0.8866498740554156,0.18,0.9899749373433584,0.06382978723404255,0.8659947741694661
0.7857942729163334,0.15,0.9849624060150376,0.0851063829787234,0.795392737162054,0.15,0.9849624060150376,0.0851063829787234,0.1633620672738959,0.15,0.9849624060150376,0.0851063829787234,0.8907999641673385,0.15,0.9849624060150376,0.0851063829787234,0.8432784087879271
0.7719831493627687,0.22,0.9949874686716792,0.0851063829787234,0.7798752199648057,0.22,0.9949874686716792,0.0851063829787234,0.18825555898145613,0.17,0.9949874686716792,0.0851063829787234,0.8802287089978935,0.22,0.9949874686716792,0.0851063829787234,0.8470111448834853
0.7507065536180879,0.22,0.9974937343358395,0.10638297872340426,0.7636111555484455,0.14,0.9974937343358395,0.10638297872340426,0.17888651682490214,0.17,0.9974937343358395,0.10638297872340426,0.8735435856768132,0.14,0.9974937343358395,0.10638297872340426,0.8359995734015889
0.8421585879592599,0.18,1.0,0.06382978723404255,0.8470644696848505,0.18,1.0,0.06382978723404255,0.12289079666042352,0.18,1.0,0.06382978723404255,0.9196433740519887,0.18,1.0,0.06382978723404255,0.8792193249080147
0.9423558897243107,0.14,0.9949874686716792,0.19148936170212766,0.9423558897243107,0.14,0.9949874686716792,0.19148936170212766,0.057644110275689275,0.14,0.9949874686716792,0.19148936170212766,0.9703225806451613,0.14,0.9949874686716792,0.19148936170212766,0.7954993867647844
0.7845144776835706,0.13,0.9924812030075187,0.10638297872340426,0.7918733002719565,0.13,0.9924812030075187,0.10638297872340426,0.16413855474129405,0.1,0.9924812030075187,0.10638297872340426,0.8874943971313312,0.13,0.9924812030075187,0.10638297872340426,0.8201354449954672
0.6943955633765264,0.08,0.9799498746867168,0.10638297872340426,0.7171119287580654,0.08,0.9799498746867168,0.10638297872340426,0.21900077835677384,0.08,0.9799498746867168,0.10638297872340426,0.8464516129032258,0.08,0.9799498746867168,0.10638297872340426,0.7846744520876658
0.5376739721644537,0.37,0.9874686716791979,0.0425531914893617,0.5734549138804458,0.33,0.9874686716791979,0.0425531914893617,0.3481239115499156,0.33,0.9874686716791979,0.0425531914893617,0.7556476829568212,0.33,0.9874686716791979,0.0425531914893617,0.7957126859702449
0.808297339092412,0.18,0.9974937343358395,0.06382978723404255,0.8119234255852397,0.18,0.9974937343358395,0.06382978723404255,0.14941439014278043,0.14,0.9974937343358395,0.06382978723404255,0.8979976998614019,0.18,0.9974937343358395,0.06382978723404255,0.8823388257878739
0.7632378819388896,0.16,0.9899749373433584,0.0425531914893617,0.7742761158214685,0.16,0.9899749373433584,0.0425531914893617,0.18433619499063533,0.16,0.9899749373433584,0.0425531914893617,0.8782435129740519,0.16,0.9899749373433584,0.0425531914893617,0.8682077534261187
0.7657441476030502,0.2,0.9949874686716792,0.06382978723404255,0.7766224070815336,0.2,0.9949874686716792,0.06382978723404255,0.17412201207657854,0.18,0.9949874686716792,0.06382978723404255,0.879654516353094,0.2,0.9949874686716792,0.06382978723404255,0.8751399776035835
0.7795552711566149,0.11,0.9924812030075187,0.1276595744680851,0.7910734282514797,0.11,0.9924812030075187,0.1276595744680851,0.15987358845382785,0.11,0.9924812030075187,0.1276595744680851,0.8890686803308162,0.11,0.9924812030075187,0.1276595744680851,0.8063243214419026
0.7532128192822483,0.2,0.9974937343358395,0.06382978723404255,0.7648909507812083,0.2,0.9974937343358395,0.06382978723404255,0.1915858299005401,0.15,0.9974937343358395,0.06382978723404255,0.872559158099641,0.2,0.9974937343358395,0.06382978723404255,0.8675145310083722
0.8057910734282514,0.06,0.9598997493734336,0.2978723404255319,0.8094704847224443,0.06,0.9598997493734336,0.2978723404255319,0.16437991699242865,0.04,0.9598997493734336,0.2978723404255319,0.8965272856130403,0.06,0.9598997493734336,0.2978723404255319,0.6386178211486161
0.8621553884711779,0.18,0.9874686716791979,0.1276595744680851,0.8621553884711779,0.18,0.9874686716791979,0.1276595744680851,0.12524502021522876,0.16,0.9874686716791979,0.1276595744680851,0.9259757738896366,0.18,0.9874686716791979,0.1276595744680851,0.8186423505572442
0.7807284167866473,0.17,0.9699248120300752,0.0851063829787234,0.7849410760944915,0.17,0.9699248120300752,0.0851063829787234,0.18668942893788892,0.15,0.9699248120300752,0.0851063829787234,0.8815954961969217,0.17,0.9699248120300752,0.0851063829787234,0.821601877033008
0.7143923638884444,0.19,0.9849624060150376,0.06382978723404255,0.7314563003252813,0.19,0.9849624060150376,0.06382978723404255,0.2169692791438099,0.16,0.9849624060150376,0.06382978723404255,0.8533125972006221,0.19,0.9849624060150376,0.06382978723404255,0.8348530901722392
0.6917826481096359,0.09,0.9674185463659147,0.3191489361702128,0.7030875059990402,0.09,0.9674185463659147,0.3191489361702128,0.247757942073237,0.04,0.9674185463659147,0.3191489361702128,0.8311794742482507,0.09,0.9674185463659147,0.3191489361702128,0.5855329813896443
0.7757158854583266,0.2,0.9924812030075187,0.06382978723404255,0.7838745800671891,0.14,0.9924812030075187,0.06382978723404255,0.1624773883347531,0.14,0.9924812030075187,0.06382978723404255,0.8853288364249579,0.14,0.9924812030075187,0.06382978723404255,0.8746600543912973
0.8859915746813842,0.15,0.9949874686716792,0.1276595744680851,0.8879645923318935,0.15,0.9949874686716792,0.1276595744680851,0.09301173796807455,0.14,0.9949874686716792,0.1276595744680851,0.9416421624066953,0.15,0.9949874686716792,0.1276595744680851,0.8379992534527809
0.8133098704207327,0.1,0.9824561403508771,0.1702127659574468,0.8168293073108303,0.1,0.9824561403508771,0.1702127659574468,0.14963525520319707,0.07,0.9824561403508771,0.1702127659574468,0.9009263343625937,0.1,0.9824561403508771,0.1702127659574468,0.7716632005545778
0.7857409481149682,0.15,0.9924812030075187,0.1276595744680851,0.7898469578200821,0.15,0.9924812030075187,0.1276595744680851,0.18904659665236864,0.13,0.9924812030075187,0.1276595744680851,0.8846153846153846,0.15,0.9924812030075187,0.1276595744680851,0.809550471924492
0.5566576014504347,0.12,0.9899749373433584,0.0425531914893617,0.6057164187063403,0.12,0.9899749373433584,0.0425531914893617,0.3137432833382577,0.12,0.9899749373433584,0.0425531914893617,0.7782269114825978,0.12,0.9899749373433584,0.0425531914893617,0.7972591052098331
0.7832880072521728,0.15,0.974937343358396,0.0425531914893617,0.793046445901989,0.15,0.974937343358396,0.0425531914893617,0.1656719967318019,0.15,0.974937343358396,0.0425531914893617,0.8894204892051911,0.15,0.974937343358396,0.0425531914893617,0.8786860768943635
0.8195488721804511,0.19,0.9874686716791979,0.10638297872340426,0.8195488721804511,0.19,0.9874686716791979,0.10638297872340426,0.15646854317609427,0.12,0.9874686716791979,0.10638297872340426,0.9008264462809917,0.19,0.9874686716791979,0.10638297872340426,0.8251479763237882
0.817095931317656,0.17,0.9974937343358395,0.1276595744680851,0.8230683090705487,0.17,0.9974937343358395,0.1276595744680851,0.141125938006426,0.09,0.9974937343358395,0.1276595744680851,0.9059161873459326,0.17,0.9974937343358395,0.1276595744680851,0.8229616594678184
0.7093265077587585,0.09,0.9774436090225563,0.1702127659574468,0.7198848184290514,0.09,0.9774436090225563,0.1702127659574468,0.2269759693665836,0.05,0.9774436090225563,0.1702127659574468,0.8439419230890366,0.05,0.9774436090225563,0.1702127659574468,0.7432677438276541
0.6491761318189089,0.3,0.9974937343358395,0.06382978723404255,0.6622940329547272,0.3,0.9974937343358395,0.06382978723404255,0.2683297752373533,0.21,0.9974937343358395,0.06382978723404255,0.8102665350444225,0.21,0.9974937343358395,0.06382978723404255,0.832213512504666
0.7895270090118913,0.18,0.9974937343358395,0.0851063829787234,0.7966725323948168,0.18,0.9974937343358395,0.0851063829787234,0.16844470000760617,0.15,0.9974937343358395,0.0851063829787234,0.8903721803391044,0.18,0.9974937343358395,0.0851063829787234,0.8483176025169306
0.8609289180397801,0.15,0.9849624060150376,0.1702127659574468,0.8634351837039407,0.15,0.9849624060150376,0.1702127659574468,0.10848463957190499,0.13,0.9849624060150376,0.1702127659574468,0.9279614877643418,0.15,0.9849624060150376,0.1702127659574468,0.7892603850050657
0.7419079613928439,0.1,0.9899749373433584,0.02127659574468085,0.7510798272276437,0.1,0.9899749373433584,0.02127659574468085,0.2196992688262714,0.1,0.9899749373433584,0.02127659574468085,0.862364538051797,0.1,0.9899749373433584,0.02127659574468085,0.901189143070442
0.7819548872180451,0.18,0.9824561403508771,0.06382978723404255,0.7887804617927797,0.11,0.9824561403508771,0.06382978723404255,0.16200072021831574,0.11,0.9824561403508771,0.06382978723404255,0.8877419354838709,0.11,0.9824561403508771,0.06382978723404255,0.8744200927851542
0.7167919799498748,0.2,0.9849624060150376,0.0851063829787234,0.7167919799498746,0.2,0.9849624060150376,0.0851063829787234,0.23558221922736874,0.12,0.9849624060150376,0.0851063829787234,0.8356954043122392,0.12,0.9849624060150376,0.0851063829787234,0.8129099344104944
0.7131125686556818,0.19,0.9899749373433584,0.02127659574468085,0.7273502906201674,0.19,0.9899749373433584,0.02127659574468085,0.2224387826510169,0.18,0.9899749373433584,0.02127659574468085,0.8504492138757175,0.18,0.9899749373433584,0.02127659574468085,0.8682077534261183
0.7306564283048047,0.06,0.9448621553884712,0.2127659574468085,0.7437743294406228,0.06,0.9448621553884712,0.2127659574468085,0.21519794920465282,0.06,0.9448621553884712,0.2127659574468085,0.8595285780311199,0.06,0.9448621553884712,0.2127659574468085,0.6809843758332002
0.7119927478270143,0.15,0.9924812030075187,0.1276595744680851,0.7320428731402975,0.15,0.9924812030075187,0.1276595744680851,0.20464689473941605,0.17,0.9924812030075187,0.1276595744680851,0.8553349334497055,0.17,0.9924812030075187,0.1276595744680851,0.7776089159067884
0.837092731829574,0.17,0.9924812030075187,0.19148936170212766,0.8374660054391297,0.13,0.9924812030075187,0.19148936170212766,0.1323411993836527,0.13,0.9924812030075187,0.19148936170212766,0.9141975667966703,0.13,0.9924812030075187,0.19148936170212766,0.7632112195382071
0.8108036047565723,0.13,0.9924812030075187,0.14893617021276595,0.8158694608862582,0.11,0.9924812030075187,0.14893617021276595,0.15387077256466047,0.11,0.9924812030075187,0.14893617021276595,0.901723883895683,0.11,0.9924812030075187,0.14893617021276595,0.7803818055777743
0.7632378819388896,0.15,0.9874686716791979,0.02127659574468085,0.7750226630405801,0.13,0.9874686716791979,0.02127659574468085,0.17214472406509318,0.11,0.9874686716791979,0.02127659574468085,0.8797022062161426,0.13,0.9874686716791979,0.02127659574468085,0.8957233509305177
0.7431344318242414,0.07,0.9699248120300752,0.2553191489361702,0.7481469631525622,0.07,0.9699248120300752,0.2553191489361702,0.21900077835677384,0.04,0.9699248120300752,0.2553191489361702,0.8583927314998929,0.07,0.9699248120300752,0.2553191489361702,0.6592545192769157
0.7006345651362449,0.18,0.9899749373433584,0.14893617021276595,0.7211646136618141,0.18,0.9899749373433584,0.14893617021276595,0.2203623528192299,0.18,0.9899749373433584,0.14893617021276595,0.8481123792800702,0.18,0.9899749373433584,0.14893617021276595,0.7489201727723563
0.7293766330720417,0.15,0.974937343358396,0.2127659574468085,0.7390817469204927,0.15,0.974937343358396,0.2127659574468085,0.22940352478660916,0.1,0.974937343358396,0.2127659574468085,0.8547377509173322,0.15,0.974937343358396,0.2127659574468085,0.684957073534901
0.7895803338132565,0.07,0.9874686716791979,0.14893617021276595,0.8002452940862795,0.07,0.9874686716791979,0.14893617021276595,0.15148107265297067,0.07,0.9874686716791979,0.14893617021276595,0.8943384982121574,0.07,0.9874686716791979,0.14893617021276595,0.7883272009811764
0.758225350610569,0.18,0.9924812030075187,0.06382978723404255,0.7695835333013384,0.18,0.9924812030075187,0.06382978723404255,0.18904659665236864,0.18,0.9924812030075187,0.06382978723404255,0.8754094383112945,0.18,0.9924812030075187,0.06382978723404255,0.8634885085053059
0.7920332746760519,0.24,0.9974937343358395,0.10638297872340426,0.7990721484562471,0.24,0.9974937343358395,0.10638297872340426,0.17079933044826656,0.24,0.9974937343358395,0.10638297872340426,0.8918050348152117,0.24,0.9974937343358395,0.10638297872340426,0.8292273236282194
0.7945395403402122,0.18,0.9974937343358395,0.06382978723404255,0.8014717645176772,0.18,0.9974937343358395,0.06382978723404255,0.16798755523360098,0.17,0.9974937343358395,0.06382978723404255,0.8932338870234452,0.18,0.9974937343358395,0.06382978723404255,0.8619420892657177
0.817095931317656,0.08,0.9849624060150376,0.1276595744680851,0.8230683090705487,0.08,0.9849624060150376,0.1276595744680851,0.14665995648018557,0.08,0.9849624060150376,0.1276595744680851,0.9059161873459326,0.08,0.9849624060150376,0.1276595744680851,0.8094438223217619
0.8233349330773743,0.07,0.9824561403508771,0.14893617021276595,0.8266410707620114,0.07,0.9824561403508771,0.14893617021276595,0.1568383578768331,0.07,0.9824561403508771,0.14893617021276595,0.9067352966981547,0.07,0.9824561403508771,0.14893617021276595,0.7804884551805045
0.8847117794486214,0.19,0.9899749373433584,0.1702127659574468,0.8847117794486216,0.19,0.9899749373433584,0.1702127659574468,0.0974958942244917,0.17,0.9899749373433584,0.1702127659574468,0.9388297872340426,0.19,0.9899749373433584,0.1702127659574468,0.7976323788193889
0.6967418546365916,0.16,0.9573934837092731,0.10638297872340426,0.6967418546365914,0.16,0.9573934837092731,0.10638297872340426,0.26355732231335494,0.06,0.9573934837092731,0.10638297872340426,0.8277615355281556,0.1,0.9573934837092731,0.10638297872340426,0.7615314882952061
0.7532128192822483,0.13,0.9899749373433584,0.14893617021276595,0.7648909507812083,0.13,0.9899749373433584,0.14893617021276595,0.19273994777679987,0.12,0.9899749373433584,0.14893617021276595,0.872559158099641,0.13,0.9899749373433584,0.14893617021276595,0.7513197888337867
0.8822055137844611,0.22,0.9974937343358395,0.0425531914893617,0.8822055137844611,0.22,0.9974937343358395,0.0425531914893617,0.09862795019545716,0.17,0.9974937343358395,0.0425531914893617,0.93757629091322,0.2,0.9974937343358395,0.0425531914893617,0.9283314669652855
0.7419612861942089,0.1,0.974937343358396,0.1276595744680851,0.7566789313709806,0.1,0.974937343358396,0.1276595744680851,0.19273994777679987,0.1,0.974937343358396,0.1276595744680851,0.8687666452383139,0.1,0.974937343358396,0.1276595744680851,0.7838212552658242
0.7820615368207753,0.09,0.9824561403508771,0.1276595744680851,0.7933663947101797,0.09,0.9824561403508771,0.1276595744680851,0.15775759238183612,0.09,0.9824561403508771,0.1276595744680851,0.8903916933480954,0.09,0.9824561403508771,0.1276595744680851,0.8089105743081109
0.7795019463552499,0.19,0.9899749373433584,0.0851063829787234,0.7870740681490962,0.19,0.9899749373433584,0.0851063829787234,0.18065105598158096,0.13,0.9899749373433584,0.0851063829787234,0.8846004015462527,0.19,0.9899749373433584,0.0851063829787234,0.8399989335039726
0.8922305764411027,0.12,0.9949874686716792,0.1702127659574468,0.8922305764411027,0.12,0.9949874686716792,0.1702127659574468,0.0967309251096875,0.09,0.9949874686716792,0.1702127659574468,0.9430463576158941,0.12,0.9949874686716792,0.1702127659574468,0.8034981069695514
0.7995520716685331,0.19,0.9924812030075187,0.06382978723404255,0.8062709966405375,0.19,0.9924812030075187,0.06382978723404255,0.154183690665332,0.17,0.9924812030075187,0.06382978723404255,0.8962793598004573,0.17,0.9924812030075187,0.06382978723404255,0.8660747613715138
0.736948754865888,0.16,0.9924812030075187,0.06382978723404255,0.7520929984535807,0.16,0.9924812030075187,0.06382978723404255,0.1972497665175332,0.16,0.9924812030075187,0.06382978723404255,0.8659933073404353,0.16,0.9924812030075187,0.06382978723404255,0.8486908761264864
0.7055404468618354,0.21,0.974937343358396,0.10638297872340426,0.7113528502106329,0.21,0.974937343358396,0.10638297872340426,0.24578159332084706,0.13,0.974937343358396,0.10638297872340426,0.8358766542138921,0.13,0.974937343358396,0.10638297872340426,0.7725697221777847
0.7832880072521728,0.21,1.0,0.06382978723404255,0.793046445901989,0.21,1.0,0.06382978723404255,0.1656719967318019,0.21,1.0,0.06382978723404255,0.8894204892051911,0.21,1.0,0.06382978723404255,0.876606409641124
0.9047619047619047,0.15,0.9874686716791979,0.14893617021276595,0.9047619047619048,0.15,0.9874686716791979,0.14893617021276595,0.0878291207300315,0.12,0.9874686716791979,0.14893617021276595,0.9500000000000001,0.15,0.9874686716791979,0.14893617021276595,0.806910894256919
0.7857409481149682,0.16,0.9874686716791979,0.1276595744680851,0.7898469578200821,0.16,0.9874686716791979,0.1276595744680851,0.1773016607761727,0.12,0.9874686716791979,0.1276595744680851,0.8846153846153846,0.16,0.9874686716791979,0.1276595744680851,0.7970724684050552
0.7131125686556818,0.06,0.9573934837092731,0.06382978723404255,0.7273502906201674,0.06,0.9573934837092731,0.06382978723404255,0.22256050528974336,0.05,0.9573934837092731,0.06382978723404255,0.8491564464919379,0.06,0.9573934837092731,0.06382978723404255,0.813469844824828
0.7707033541300059,0.22,0.9849624060150376,0.0425531914893617,0.7789686983415987,0.18,0.9849624060150376,0.0425531914893617,0.17611276754086835,0.15,0.9849624060150376,0.0425531914893617,0.8810615199034981,0.18,0.9849624060150376,0.0425531914893617,0.8896176611742123
0.7557190849464086,0.18,0.9924812030075187,0.1276595744680851,0.7672372420412734,0.18,0.9924812030075187,0.1276595744680851,0.1903893013919164,0.16,0.9924812030075187,0.1276595744680851,0.8739863325740319,0.18,0.9924812030075187,0.1276595744680851,0.7995787340692156
0.7406281661600809,0.27,0.9924812030075187,0.02127659574468085,0.7456940222897669,0.27,0.9924812030075187,0.02127659574468085,0.20405848496996717,0.17,0.9924812030075187,0.02127659574468085,0.8618031573754317,0.17,0.9924812030075187,0.02127659574468085,0.8734069215592171
0.8133098704207327,0.16,0.9824561403508771,0.1276595744680851,0.8168293073108303,0.16,0.9824561403508771,0.1276595744680851,0.1633620672738959,0.14,0.9824561403508771,0.1276595744680851,0.9009263343625937,0.16,0.9824561403508771,0.1276595744680851,0.8083773262944596
0.8458913240548178,0.22,0.9949874686716792,0.02127659574468085,0.8487175385271689,0.22,0.9949874686716792,0.02127659574468085,0.13177866115667747,0.18,0.9949874686716792,0.02127659574468085,0.9195747631153224,0.22,0.9949874686716792,0.02127659574468085,0.9318775662560658
0.7506532288167227,0.15,0.9824561403508771,0.2127659574468085,0.7555057857409481,0.11,0.9824561403508771,0.2127659574468085,0.20326453236190914,0.11,0.9824561403508771,0.2127659574468085,0.8668094218415417,0.11,0.9824561403508771,0.2127659574468085,0.6981549618727672
0.7869674185463658,0.21,0.9899749373433584,0.10638297872340426,0.7869674185463659,0.21,0.9899749373433584,0.10638297872340426,0.2017833101474797,0.17,0.9899749373433584,0.10638297872340426,0.8807854137447405,0.21,0.9899749373433584,0.10638297872340426,0.8085639630992375
0.8296272596384577,0.14,0.9874686716791979,0.1276595744680851,0.8350663893776996,0.14,0.9874686716791979,0.1276595744680851,0.13471678135933185,0.14,0.9874686716791979,0.1276595744680851,0.9128267902421965,0.14,0.9874686716791979,0.1276595744680851,0.8203220818002454
0.8208819922145789,0.11,0.9849624060150376,0.10638297872340426,0.8282408148029649,0.11,0.9849624060150376,0.10638297872340426,0.13177866115667747,0.11,0.9849624060150376,0.10638297872340426,0.9097138840893784,0.11,0.9849624060150376,0.10638297872340426,0.841172079134005
0.815816136084893,0.16,0.9924812030075187,0.2765957446808511,0.8192822481736255,0.16,0.9924812030075187,0.2765957446808511,0.14511739962149214,0.13,0.9924812030075187,0.2765957446808511,0.9023845882767532,0.16,0.9924812030075187,0.2765957446808511,0.6678398122966993
0.661760784941076,0.21,0.9899749373433584,0.0851063829787234,0.6833040046925825,0.21,0.9899749373433584,0.0851063829787234,0.26575273309444125,0.2,0.9899749373433584,0.0851063829787234,0.8223855212912748,0.21,0.9899749373433584,0.0851063829787234,0.8046445901989018
0.7631845571375246,0.25,0.9874686716791979,0.1276595744680851,0.7677704900549245,0.25,0.9874686716791979,0.1276595744680851,0.1915858299005401,0.18,0.9874686716791979,0.1276595744680851,0.872559158099641,0.21,0.9874686716791979,0.1276595744680851,0.7994187596651202
0.8559163867114594,0.16,0.9874686716791979,0.0425531914893617,0.8585293019783501,0.16,0.9874686716791979,0.0425531914893617,0.11820110718411513,0.15,0.9874686716791979,0.0425531914893617,0.9251810136765889,0.16,0.9874686716791979,0.0425531914893617,0.9023089638991094
0.7782754759238522,0.13,0.9924812030075187,0.10638297872340426,0.7883538633818589,0.13,0.9924812030075187,0.10638297872340426,0.1703085131776472,0.13,0.9924812030075187,0.10638297872340426,0.8866498740554156,0.13,0.9924812030075187,0.10638297872340426,0.8305604436623475
0.8734602463605823,0.17,1.0,0.0851063829787234,0.8756998880179171,0.17,1.0,0.0851063829787234,0.10739192677503683,0.17,1.0,0.0851063829787234,0.9348475791990436,0.17,1.0,0.0851063829787234,0.8847384418493041
0.7882472137791288,0.18,0.9899749373433584,0.06382978723404255,0.795392737162054,0.13,0.9899749373433584,0.06382978723404255,0.1633620672738959,0.13,0.9899749373433584,0.06382978723404255,0.8907999641673385,0.13,0.9899749373433584,0.06382978723404255,0.8747667039940276
0.8058443982296166,0.14,0.9924812030075187,0.14893617021276595,0.8141630672425746,0.14,0.9924812030075187,0.14893617021276595,0.14511739962149214,0.14,0.9924812030075187,0.14893617021276595,0.9016979182046361,0.14,0.9924812030075187,0.14893617021276595,0.7839812296699196
0.7770490054924544,0.07,0.9774436090225563,0.23404255319148937,0.7887804617927797,0.07,0.9774436090225563,0.23404255319148937,0.16200072021831574,0.07,0.9774436090225563,0.23404255319148937,0.8877419354838709,0.07,0.9774436090225563,0.23404255319148937,0.69599530741748
0.8496773849517409,0.14,0.9949874686716792,0.06382978723404255,0.8542633178691409,0.14,0.9949874686716792,0.06382978723404255,0.11586640047980816,0.14,0.9949874686716792,0.06382978723404255,0.9236889901115691,0.14,0.9949874686716792,0.06382978723404255,0.8908174692049273
0.7682504132672106,0.09,0.9674185463659147,0.19148936170212766,0.77960859595798,0.07,0.9674185463659147,0.19148936170212766,0.17061224155211235,0.07,0.9674185463659147,0.19148936170212766,0.8823973202160726,0.07,0.9674185463659147,0.19148936170212766,0.7367087932597451
0.8233349330773743,0.14,0.9924812030075187,0.1276595744680851,0.8266410707620114,0.14,0.9924812030075187,0.1276595744680851,0.15387077256466047,0.13,0.9924812030075187,0.1276595744680851,0.9067352966981547,0.14,0.9924812030075187,0.1276595744680851,0.8178691409374498
0.7519330240494855,0.07,0.9423558897243107,0.425531914893617,0.7606782914733643,0.07,0.9423558897243107,0.425531914893617,0.1966697112869955,0.03,0.9423558897243107,0.425531914893617,0.8683874109697449,0.07,0.9423558897243107,0.425531914893617,0.5006932224177465
0.8571428571428572,0.15,0.9974937343358395,0.1702127659574468,0.8571428571428571,0.15,0.9974937343358395,0.1702127659574468,0.11673988961162139,0.11,0.9974937343358395,0.1702127659574468,0.923076923076923,0.15,0.9974937343358395,0.1702127659574468,0.7935530315149574
0.7006345651362449,0.09,0.9774436090225563,0.10638297872340426,0.7211646136618141,0.09,0.9774436090225563,0.10638297872340426,0.21900077835677384,0.08,0.9774436090225563,0.10638297872340426,0.8481123792800702,0.09,0.9774436090225563,0.10638297872340426,0.7802751559750438
0.8258411987415346,0.22,0.9949874686716792,0.02127659574468085,0.8290940116248067,0.22,0.9949874686716792,0.02127659574468085,0.13929760966126278,0.17,0.9949874686716792,0.02127659574468085,0.9081775700934579,0.22,0.9949874686716792,0.02127659574468085,0.9249720044792832
0.7681970884658456,0.22,0.9949874686716792,0.10638297872340426,0.7750759878419453,0.21,0.9949874686716792,0.10638297872340426,0.18158077549326684,0.2,0.9949874686716792,0.10638297872340426,0.8772935779816514,0.21,0.9949874686716792,0.10638297872340426,0.82485468991628
0.6893297072468405,0.1,0.9974937343358395,0.06382978723404255,0.7085266357382819,0.1,0.9974937343358395,0.06382978723404255,0.22722160897945604,0.08,0.9974937343358395,0.06382978723404255,0.8411055180928864,0.08,0.9974937343358395,0.06382978723404255,0.8493307737428678
0.8910041060097051,0.13,0.9949874686716792,0.2127659574468085,0.8928704740574841,0.13,0.9949874686716792,0.2127659574468085,0.09026277644292562,0.13,0.9949874686716792,0.2127659574468085,0.9443347808922226,0.13,0.9949874686716792,0.2127659574468085,0.7604916546685863
0.7256438969764838,0.24,0.9974937343358395,0.10638297872340426,0.7390817469204928,0.24,0.9974937343358395,0.10638297872340426,0.20637380178441286,0.2,0.9974937343358395,0.10638297872340426,0.8565866320571058,0.24,0.9974937343358395,0.10638297872340426,0.8095771343251748
0.7970991308057376,0.16,0.9949874686716792,0.0,0.8071241934623793,0.16,0.9949874686716792,0.0,0.14532252890210767,0.16,0.9949874686716792,0.0,0.8982522773804932,0.16,0.9949874686716792,0.0,0.9429691249400094
0.7042606516290726,0.26,0.9949874686716792,0.0425531914893617,0.7042606516290727,0.26,0.9949874686716792,0.0425531914893617,0.2404135940042068,0.1,0.9949874686716792,0.0425531914893617,0.8314199395770393,0.14,0.9949874686716792,0.0425531914893617,0.8693542366554685
0.8145363408521304,0.17,0.9824561403508771,0.02127659574468085,0.8145363408521303,0.17,0.9824561403508771,0.02127659574468085,0.15876007771248551,0.14,0.9824561403508771,0.02127659574468085,0.8977900552486188,0.17,0.9824561403508771,0.02127659574468085,0.9108409321175278
0.8446648536234203,0.17,0.9949874686716792,0.02127659574468085,0.8494640857462806,0.17,0.9949874686716792,0.02127659574468085,0.12054270386096697,0.17,0.9949874686716792,0.02127659574468085,0.9209955771398838,0.17,0.9949874686716792,0.02127659574468085,0.9302778222151123
0.8233349330773743,0.14,0.9824561403508771,0.1702127659574468,0.8266410707620114,0.14,0.9824561403508771,0.1702127659574468,0.1432985353087198,0.07,0.9824561403508771,0.1702127659574468,0.9067352966981547,0.14,0.9824561403508771,0.1702127659574468,0.7626246467231909
0.8809790433530633,0.11,0.9899749373433584,0.23404255319148937,0.8830587106063029,0.11,0.9899749373433584,0.23404255319148937,0.09524723107606939,0.09,0.9899749373433584,0.23404255319148937,0.9389351930600442,0.11,0.9899749373433584,0.23404255319148937,0.7326561083559963
0.916066762651309,0.12,0.9874686716791979,0.2553191489361702,0.9173998826854369,0.12,0.9874686716791979,0.2553191489361702,0.06617059969182643,0.12,0.9874686716791979,0.2553191489361702,0.9575865523767115,0.12,0.9874686716791979,0.2553191489361702,0.7246840505519117
0.7469204927211646,0.22,0.9924812030075187,0.0425531914893617,0.7558790593505039,0.22,0.9924812030075187,0.0425531914893617,0.2063390148700953,0.19,0.9924812030075187,0.0425531914893617,0.8653846153846154,0.22,0.9924812030075187,0.0425531914893617,0.869860822268437
0.6905028528768731,0.25,0.9824561403508771,0.0,0.6966352050338612,0.25,0.9824561403508771,0.0,0.25994105227107267,0.17,0.9824561403508771,0.0,0.8269230769230769,0.17,0.9824561403508771,0.0,0.8573028315469523
0.7932597451074495,0.18,0.9924812030075187,0.0425531914893617,0.7977390284221191,0.15,0.9924812030075187,0.0425531914893617,0.1610580090590292,0.15,0.9924812030075187,0.0425531914893617,0.892175572519084,0.15,0.9924812030075187,0.0425531914893617,0.8842585186370181
0.8195488721804511,0.2,0.9949874686716792,0.0425531914893617,0.8195488721804511,0.2,0.9949874686716792,0.0425531914893617,0.1610580090590292,0.17,0.9949874686716792,0.0425531914893617,0.9008264462809917,0.2,0.9949874686716792,0.0425531914893617,0.8900709219858155
0.7982722764357701,0.14,0.9824561403508771,0.1276595744680851,0.8021116621340585,0.14,0.9824561403508771,0.1276595744680851,0.1805255528858511,0.13,0.9824561403508771,0.1276595744680851,0.8920914509385286,0.14,0.9824561403508771,0.1276595744680851,0.8000053324801366
0.8696741854636592,0.19,0.9924812030075187,0.1276595744680851,0.8696741854636592,0.19,0.9924812030075187,0.1276595744680851,0.11477135040882402,0.17,0.9924812030075187,0.1276595744680851,0.9307270233196159,0.17,0.9924812030075187,0.1276595744680851,0.8262144723510905
0.6829840558843918,0.22,0.9724310776942355,0.02127659574468085,0.6892763824454754,0.22,0.9724310776942355,0.02127659574468085,0.2668488360447348,0.11,0.9724310776942355,0.02127659574468085,0.8191121954310701,0.22,0.9724310776942355,0.02127659574468085,0.8351997013811122
0.6679997867007945,0.14,0.9674185463659147,0.10638297872340426,0.6851170479389964,0.14,0.9674185463659147,0.10638297872340426,0.26795359837946503,0.1,0.9674185463659147,0.10638297872340426,0.8214833759590793,0.14,0.9674185463659147,0.10638297872340426,0.769130272489735
