Probe_ID,import_level_in_forest,gene,iteration,Probe_ID,import_level_in_forest,gene,iteration,Probe_ID,import_level_in_forest,gene,iteration,Probe_ID,import_level_in_forest,gene,iteration,Probe_ID,import_level_in_forest,gene,iteration
cg26444528,0.052058906,PCDH17,1,cg25352836,0.062988986,TSSK6,2,cg05047401,0.076871415,SEMA4A,3,cg18675097,0.054867897,NKAPL,4,cg26444528,0.077062817,PCDH17,5
cg18675097,0.046304976,NKAPL,1,cg24848035,0.050964013,RGS22,2,cg18675097,0.076573627,NKAPL,3,cg25352836,0.052764783,TSSK6,4,cg18675097,0.049593378,NKAPL,5
cg25352836,0.043848021,TSSK6,1,cg26444528,0.0462156,PCDH17,2,cg26444528,0.045334061,PCDH17,3,cg05047401,0.045453152,SEMA4A,4,cg25352836,0.039437724,TSSK6,5
cg23049458,0.041361503,L1TD1,1,cg07445246,0.037430595,TCL1A,2,cg25839439,0.044028754,CAPZB,3,cg26444528,0.030744548,PCDH17,4,cg24848035,0.036226916,RGS22,5
cg24848035,0.032887195,RGS22,1,cg18675097,0.030815019,NKAPL,2,cg25352836,0.031597533,TSSK6,3,cg19811337,0.030282718,MAP3K11,4,cg07445246,0.030438988,TCL1A,5
cg05047401,0.026450736,SEMA4A,1,cg05047401,0.027964311,SEMA4A,2,cg12377139,0.023795455,SPAG6,3,cg12377139,0.029118459,SPAG6,4,cg05047401,0.030167168,SEMA4A,5
cg02164046,0.025983562,SST,1,cg26132320,0.027794264,MMP9,2,cg13799919,0.0229785,POLR1D,3,cg24848035,0.020786175,RGS22,4,cg12377139,0.024837592,SPAG6,5
cg15215348,0.023272509,PDE4C,1,cg17241776,0.02015837,DLEU7,2,cg23049458,0.021802421,L1TD1,3,cg05057720,0.019250181,CLEC14A,4,cg26132320,0.016035404,MMP9,5
cg26132320,0.019153214,MMP9,1,cg23290344,0.017549589,NEFM,2,cg07445246,0.0212407,TCL1A,3,cg07445246,0.014829408,TCL1A,4,cg15215348,0.015358576,PDE4C,5
cg12377139,0.015678783,SPAG6,1,cg13670057,0.017389257,ABL1,2,cg15215348,0.016193114,PDE4C,3,cg26870725,0.014055818,MAST1,4,cg13667243,0.01302376,ADAM19,5
cg16783744,0.013137053,DPYS,1,cg15215348,0.016949139,PDE4C,2,cg24848035,0.014714986,RGS22,3,cg04191427,0.013554017,RPTOR,4,cg12290311,0.010926072,DAB2,5
cg24932457,0.01263733,TNR,1,cg24932457,0.015892097,TNR,2,cg02164046,0.014020873,SST,3,cg02164046,0.012978273,SST,4,cg17241776,0.01021424,DLEU7,5
cg07445246,0.012546107,TCL1A,1,cg05057720,0.015657666,CLEC14A,2,cg27494647,0.013031012,RARRES2,3,cg17241776,0.012900585,DLEU7,4,cg17080882,0.009566315,TGFBR3,5
cg17241776,0.012182207,DLEU7,1,cg02732252,0.010631223,CLDN6,2,cg13870520,0.012211022,SCARB2,3,cg15215348,0.012246569,PDE4C,4,cg23049458,0.009451982,L1TD1,5
cg05057720,0.011530205,CLEC14A,1,cg25032595,0.009927057,CLDN10,2,cg24932457,0.010787391,TNR,3,cg12290311,0.009575003,DAB2,4,cg24932457,0.009238046,TNR,5
cg19811337,0.010245869,MAP3K11,1,cg07517893,0.009278762,PPP1R13L,2,cg13667243,0.0106762,ADAM19,3,cg26132320,0.009143348,MMP9,4,cg16783744,0.008348921,DPYS,5
cg25839439,0.009432768,CAPZB,1,cg02164046,0.008955888,SST,2,cg17241776,0.010433666,DLEU7,3,cg16783744,0.008070062,DPYS,4,cg02164046,0.007075533,SST,5
cg10896862,0.007337444,MPZ,1,cg23049458,0.008860527,L1TD1,2,cg16783744,0.009349473,DPYS,3,cg23049458,0.007780818,L1TD1,4,cg13799919,0.006406269,POLR1D,5
cg17508991,0.006078188,HCK,1,cg25839439,0.007889595,CAPZB,2,cg03635766,0.008928494,IGFBP4,3,cg11859607,0.00702716,ADCYAP1,4,cg03520644,0.005957521,COL11A1,5
cg26870725,0.005804372,MAST1,1,cg19811337,0.007253783,MAP3K11,2,cg26132320,0.007140849,MMP9,3,cg27494647,0.006524745,RARRES2,4,cg27083087,0.005931916,VGLL4,5
cg15031661,0.005721535,FMN2,1,cg22694191,0.007021477,HAPLN4,2,cg03520644,0.007103808,COL11A1,3,cg07783282,0.006216067,USP44,4,cg07783282,0.00580294,USP44,5
cg17080882,0.005198335,TGFBR3,1,cg00044665,0.007007244,CDH5,2,cg25032595,0.006816018,CLDN10,3,cg10974980,0.005870184,LOXL1,4,cg26870725,0.004932412,MAST1,5
cg13670057,0.004640923,ABL1,1,cg03520644,0.006157814,COL11A1,2,cg27083087,0.006798349,VGLL4,3,cg24973993,0.005706394,CIT,4,cg00907288,0.004835292,SRGAP3,5
cg06571407,0.004383146,CD40,1,cg12377139,0.005964812,SPAG6,2,cg13670057,0.006191328,ABL1,3,cg10896862,0.005703309,MPZ,4,cg08351336,0.004636806,CARTPT,5
cg00907288,0.003963114,SRGAP3,1,cg10974980,0.005815984,LOXL1,2,cg19811337,0.005499312,MAP3K11,3,cg01009664,0.005104511,TRH,4,cg18759209,0.004210034,BMP7,5
cg03348397,0.003590279,RGS20,1,cg26405020,0.00570586,FES,2,cg21637392,0.005397254,RNF216,3,cg21179088,0.004413,VSTM2A,4,cg07517893,0.004156365,PPP1R13L,5
cg21637392,0.003585294,RNF216,1,cg24586039,0.005290868,RBPMS,2,cg01009664,0.005278944,TRH,3,cg25032595,0.00406262,CLDN10,4,cg13870520,0.003939224,SCARB2,5
cg00875805,0.003263948,MAML3,1,cg13799919,0.004761301,POLR1D,2,cg07581623,0.004918191,DPYSL2,3,cg08680048,0.004050029,ITPKA,4,cg04127342,0.00318439,PENK,5
cg15341350,0.003215918,SRRM4,1,cg27494647,0.004139871,RARRES2,2,cg17508991,0.004466981,HCK,3,cg25839439,0.004033985,CAPZB,4,cg12338417,0.00292181,TRIM71,5
cg04918402,0.003168383,LIMD2,1,cg18952796,0.003711211,NPTX2,2,cg11718030,0.004310584,BDNF,3,cg06571407,0.003782746,CD40,4,cg21179088,0.002875221,VSTM2A,5
cg16751493,0.003097118,PPP1R7,1,cg18759209,0.003695526,BMP7,2,cg11859607,0.004103914,ADCYAP1,3,cg13870520,0.003682093,SCARB2,4,cg27494647,0.002632483,RARRES2,5
cg07469637,0.003081254,CDK6,1,cg27360326,0.003683912,PCDH8,2,cg04191427,0.004061901,RPTOR,3,cg22694191,0.003524635,HAPLN4,4,cg17508991,0.002577959,HCK,5
cg20965743,0.002942333,ASPG,1,cg26841013,0.003244308,WNT3A,2,cg04127342,0.003610874,PENK,3,cg03635766,0.003295442,IGFBP4,4,cg13476133,0.002426101,GCK,5
cg03520644,0.002850683,COL11A1,1,cg17508991,0.003155348,HCK,2,cg25774643,0.003277047,SCT,3,cg27360326,0.003242348,PCDH8,4,cg24680586,0.002177092,INA,5
cg01009664,0.002688213,TRH,1,cg23750206,0.003004685,AFAP1,2,cg09211763,0.003235029,COL5A2,3,cg13799919,0.003226145,POLR1D,4,cg19811337,0.002146587,MAP3K11,5
cg14284618,0.002496224,TACC1,1,cg16783744,0.002943971,DPYS,2,cg23290344,0.003203947,NEFM,3,cg16596604,0.003128634,CRYM,4,cg06355129,0.002113547,NES,5
cg02745847,0.002487125,IGF2BP1,1,cg19619405,0.002892338,ADAMTS20,2,cg05905176,0.003012449,TNFAIP8L3,3,cg19619405,0.003032155,ADAMTS20,4,cg09649610,0.001965692,GNG4,5
cg23750206,0.002333338,AFAP1,1,cg00907288,0.002582912,SRGAP3,2,cg07517893,0.003000931,PPP1R13L,3,cg21514227,0.002982624,NOTCH3,4,cg23750206,0.001963932,AFAP1,5
cg07517893,0.002290415,PPP1R13L,1,cg03348397,0.0024935,RGS20,2,cg18877506,0.00286358,PDPN,3,cg26029902,0.002879714,RAB22A,4,cg25774643,0.00194603,SCT,5
cg27494647,0.002198851,RARRES2,1,cg21514227,0.002419354,NOTCH3,2,cg22694191,0.002700644,HAPLN4,3,cg17508991,0.00257282,HCK,4,cg21899596,0.001943018,HOPX,5
cg21739530,0.002161537,GALNT7,1,cg15031661,0.002411924,FMN2,2,cg10896862,0.002628581,MPZ,3,cg23290344,0.002496576,NEFM,4,cg22694191,0.001926768,HAPLN4,5
cg08481075,0.002157937,COL11A2,1,cg18081258,0.002373018,NDRG2,2,cg13476133,0.002626951,GCK,3,cg25774643,0.002448648,SCT,4,cg03544320,0.001896818,CRMP1,5
cg19678828,0.002145749,CYYR1,1,cg24680586,0.002351957,INA,2,cg12034943,0.002579293,CRTC1,3,cg15323528,0.002168387,CDH23,4,cg02745847,0.001867716,IGF2BP1,5
cg09649610,0.002142349,GNG4,1,cg26870725,0.002235125,MAST1,2,cg26870725,0.002484693,MAST1,3,cg02792792,0.002157734,CDO1,4,cg17265829,0.001576896,FAT4,5
cg18582992,0.002137167,SHF,1,cg04191427,0.002112209,RPTOR,2,cg03348397,0.002231174,RGS20,3,cg09293816,0.002020408,FCGRT,4,cg05741937,0.001550541,TXNRD1,5
cg03544320,0.001948824,CRMP1,1,cg13476133,0.002028655,GCK,2,cg03338754,0.002137919,F7,3,cg16260298,0.001985957,CAV2,4,cg13670057,0.001458121,ABL1,5
cg11814235,0.001707974,DSC3,1,cg11859607,0.001942127,ADCYAP1,2,cg15031661,0.002095197,FMN2,3,cg03544320,0.001939659,CRMP1,4,cg08481075,0.001379885,COL11A2,5
cg00840332,0.001662946,LEP,1,cg26186239,0.001935125,EEF1A2,2,cg07783282,0.002077645,USP44,3,cg00044665,0.001861415,CDH5,4,cg00164949,0.001214606,C1QL1,5
cg23290344,0.001661184,NEFM,1,cg15341350,0.001932529,SRRM4,2,cg04037038,0.001968426,FRZB,3,cg21637392,0.001827468,RNF216,4,cg00765705,0.001190603,NCOR2,5
cg26860604,0.001631304,WWP2,1,cg06304097,0.001796073,TCERG1L,2,cg21179088,0.001962081,VSTM2A,3,cg08481075,0.001714859,COL11A2,4,cg18877506,0.001176184,PDPN,5
cg04191427,0.001620659,RPTOR,1,cg15925365,0.001667303,GSTA4,2,cg24973993,0.001960414,CIT,3,cg00765705,0.001668014,NCOR2,4,cg24973993,0.001168752,CIT,5
cg00044665,0.001557623,CDH5,1,cg04918402,0.001597144,LIMD2,2,cg16751493,0.001942955,PPP1R7,3,cg02534363,0.001544874,NBEAL2,4,cg18582992,0.001149884,SHF,5
cg19619405,0.001548223,ADAMTS20,1,cg18877506,0.00157171,PDPN,2,cg20486569,0.001699768,CLDN5,3,cg16751493,0.001511234,PPP1R7,4,cg12161228,0.001133316,NOX4,5
cg21514227,0.001522267,NOTCH3,1,cg09743950,0.001526003,ITGAM,2,cg26029902,0.001642399,RAB22A,3,cg09651145,0.001431386,AFAP1L1,4,cg06571407,0.001081347,CD40,5
cg00765705,0.001476162,NCOR2,1,cg19974227,0.001492798,RGS12,2,cg00875805,0.001538745,MAML3,3,cg04842146,0.001385172,RALYL,4,cg21514227,0.001061691,NOTCH3,5
cg07581623,0.00134508,DPYSL2,1,cg12425861,0.001294176,PACS2,2,cg17080882,0.001531053,TGFBR3,3,cg09649610,0.001287507,GNG4,4,cg23290344,0.001019291,NEFM,5
cg19593767,0.001241443,TOX2,1,cg04946749,0.001258766,MGAT5B,2,cg18759209,0.001438809,BMP7,3,cg13667243,0.00126174,ADAM19,4,cg01009664,0.000981406,TRH,5
cg04946749,0.001232761,MGAT5B,1,cg01009664,0.001228802,TRH,2,cg14284618,0.001388252,TACC1,3,cg00840332,0.00113885,LEP,4,cg04191427,0.000948248,RPTOR,5
cg25774643,0.00113885,SCT,1,cg00765705,0.001194987,NCOR2,2,cg07469637,0.001233813,CDK6,3,cg18582992,0.001116786,SHF,4,cg16596604,0.000801701,CRYM,5
cg18770350,0.001087147,ACTN2,1,cg19053239,0.001181625,KIF5C,2,cg15341350,0.001157211,SRRM4,3,cg04037038,0.001028227,FRZB,4,cg26860604,0.000792359,WWP2,5
cg02534363,0.000941943,NBEAL2,1,cg19678828,0.001149949,CYYR1,2,cg26573704,0.001147701,ADAMTS12,3,cg13782615,0.000948884,STIM1,4,cg05057720,0.000766924,CLEC14A,5
cg06970510,0.000921045,GRASP,1,cg22784954,0.001125668,ADAMTS16,2,cg02792792,0.001098508,CDO1,3,cg08076018,0.000924896,ANGPTL2,4,cg08680048,0.000754804,ITPKA,5
cg27083087,0.000872495,VGLL4,1,cg06355129,0.001081464,NES,2,cg05057720,0.001095469,CLEC14A,3,cg08351336,0.000924456,CARTPT,4,cg13391820,0.000754612,CCND2,5
cg12001304,0.000855911,SPHKAP,1,cg02745847,0.001014509,IGF2BP1,2,cg13782615,0.001067919,STIM1,3,cg21739530,0.000917076,GALNT7,4,cg04842146,0.000743075,RALYL,5
cg16596604,0.000832212,CRYM,1,cg21179088,0.000948272,VSTM2A,2,cg10588135,0.001057705,BCAS3,3,cg05905176,0.00088952,TNFAIP8L3,4,cg20965743,0.000658076,ASPG,5
cg26405020,0.000824074,FES,1,cg17080882,0.000922285,TGFBR3,2,cg06169131,0.000969077,FGF8,3,cg19678828,0.000859854,CYYR1,4,cg21739530,0.000654274,GALNT7,5
cg22877509,0.00073121,RUSC1,1,cg08862890,0.000881441,DOCK2,2,cg08862890,0.000933932,DOCK2,3,cg13670057,0.00082889,ABL1,4,cg02732252,0.000638877,CLDN6,5
cg21179088,0.000722895,VSTM2A,1,cg03635766,0.000844937,IGFBP4,2,cg24680586,0.000893357,INA,3,cg12001304,0.000756362,SPHKAP,4,cg15925365,0.0006097,GSTA4,5
cg03635766,0.000706095,IGFBP4,1,cg12338417,0.000834538,TRIM71,2,cg24182521,0.000883813,PLTP,3,cg22784954,0.000734737,ADAMTS16,4,cg16751493,0.000608458,PPP1R7,5
cg26029902,0.000668532,RAB22A,1,cg17154724,0.000774505,DNM3,2,cg07810039,0.000836991,TGFB2,3,cg26841013,0.000734007,WNT3A,4,cg06970510,0.000606699,GRASP,5
cg23165899,0.000638052,ID4,1,cg16751493,0.000772926,PPP1R7,2,cg12338417,0.000835193,TRIM71,3,cg06169131,0.000734007,FGF8,4,cg12001304,0.000559748,SPHKAP,5
cg22694191,0.00063146,HAPLN4,1,cg00840332,0.000749888,LEP,2,cg22784954,0.000818785,ADAMTS16,3,cg13476133,0.000701149,GCK,4,cg07469637,0.00055736,CDK6,5
cg11859607,0.000623643,ADCYAP1,1,cg07100000,0.00074037,FGF18,2,cg05385513,0.000759777,EFEMP1,3,cg03520644,0.000692743,COL11A1,4,cg10896862,0.000544782,MPZ,5
cg04037038,0.000614217,FRZB,1,cg15323528,0.000735955,CDH23,2,cg02732252,0.000747805,CLDN6,3,cg13342435,0.000678542,MPPED2,4,cg03635766,0.000508932,IGFBP4,5
cg25272143,0.000612091,AHNAK,1,cg16596604,0.00071272,CRYM,2,cg12425861,0.000711184,PACS2,3,cg00907288,0.000675252,SRGAP3,4,cg20486569,0.000497798,CLDN5,5
cg02732252,0.000599872,CLDN6,1,cg06276663,0.000707353,SH3PXD2A,2,cg08680048,0.000706924,ITPKA,3,cg11718030,0.000643088,BDNF,4,cg09743950,0.000493746,ITGAM,5
cg12034943,0.000581699,CRTC1,1,cg06169131,0.000680708,FGF8,2,cg15873301,0.000670923,SYN2,3,cg07517893,0.000616071,PPP1R13L,4,cg00630958,0.000490054,LEPR,5
cg18952796,0.000578809,NPTX2,1,cg00164949,0.0006097,C1QL1,2,cg23165899,0.000667875,ID4,3,cg17154724,0.000603776,DNM3,4,cg09053680,0.000471831,UTF1,5
cg26573704,0.000546378,ADAMTS12,1,cg04127342,0.000605096,PENK,2,cg25272143,0.000658438,AHNAK,3,cg15341350,0.000603067,SRRM4,4,cg27317046,0.000457731,LTBP2,5
cg15925365,0.000520196,GSTA4,1,cg17265829,0.00060183,FAT4,2,cg09651145,0.000657032,AFAP1L1,3,cg04918402,0.000579427,LIMD2,4,cg00044665,0.000442472,CDH5,5
cg22831607,0.000512038,SFRP5,1,cg09293816,0.000591445,FCGRT,2,cg16596604,0.000546342,CRYM,3,cg12425861,0.000563155,PACS2,4,cg18081258,0.000435914,NDRG2,5
cg09211763,0.000474566,COL5A2,1,cg07783282,0.000579742,USP44,2,cg19053239,0.000481602,KIF5C,3,cg14156405,0.000531604,RGS7,4,cg06276663,0.000425557,SH3PXD2A,5
cg11718030,0.00045049,BDNF,1,cg25272143,0.000571999,AHNAK,2,cg22877509,0.000478653,RUSC1,3,cg26860604,0.000517364,WWP2,4,cg26405020,0.000418991,FES,5
cg09743950,0.000413754,ITGAM,1,cg09535960,0.000567576,LOXL2,2,cg04946749,0.00045998,MGAT5B,3,cg22877509,0.000516841,RUSC1,4,cg18952796,0.000417105,NPTX2,5
cg09053680,0.000409819,UTF1,1,cg21637392,0.000556316,RNF216,2,cg09499849,0.000457056,ACVR1,3,cg15031661,0.000497715,FMN2,4,cg01158680,0.000390208,MAGI2,5
cg07810039,0.00038024,TGFB2,1,cg05385513,0.000535533,EFEMP1,2,cg20965743,0.000455414,ASPG,3,cg06355129,0.00045772,NES,4,cg07581623,0.000387001,DPYSL2,5
cg13391820,0.00035851,CCND2,1,cg16260298,0.000460444,CAV2,2,cg06304097,0.000450633,TCERG1L,3,cg06304097,0.000456183,TCERG1L,4,cg13342435,0.000347009,MPPED2,5
cg20486569,0.00033399,CLDN5,1,cg02874376,0.000456511,DLK1,2,cg05741937,0.00045049,TXNRD1,3,cg20965743,0.000434266,ASPG,4,cg27360326,0.000342408,PCDH8,5
cg27317046,0.000304166,LTBP2,1,cg00630958,0.000419445,LEPR,2,cg00765705,0.000442562,NCOR2,3,cg00875805,0.000432336,MAML3,4,cg03348397,0.000341572,RGS20,5
cg13782615,0.000271943,STIM1,1,cg07113642,0.000417803,CPXM1,2,cg06355129,0.000427439,NES,3,cg20486569,0.000420863,CLDN5,4,cg26841013,0.000325664,WNT3A,5
cg17265829,0.000260703,FAT4,1,cg05741937,0.000395697,TXNRD1,2,cg26841013,0.000418679,WNT3A,3,cg09053680,0.000414072,UTF1,4,cg22831607,0.000302132,SFRP5,5
cg24319381,0.000260139,CPEB1,1,cg05374271,0.000377867,RGS2,2,cg16260298,0.000404644,CAV2,3,cg04946749,0.000402351,MGAT5B,4,cg04037038,0.000293681,FRZB,5
cg06276663,0.000257779,SH3PXD2A,1,cg07581623,0.000352228,DPYSL2,2,cg10974980,0.000402034,LOXL1,3,cg07100000,0.000380342,FGF18,4,cg24182521,0.000288426,PLTP,5
cg18081258,0.000250493,NDRG2,1,cg27083087,0.000347216,VGLL4,2,cg17154724,0.000395697,DNM3,3,cg10588135,0.000380308,BCAS3,4,cg18770350,0.000282799,ACTN2,5
cg05164933,0.000229707,SFRP2,1,cg07198552,0.000289891,CDH4,2,cg26860604,0.000381565,WWP2,3,cg06970510,0.000378791,GRASP,4,cg11859607,0.000280573,ADCYAP1,5
cg12338417,0.00022672,TRIM71,1,cg19593767,0.000286187,TOX2,2,cg08351336,0.000373063,CARTPT,3,cg22831607,0.000353342,SFRP5,4,cg25839439,0.000276612,CAPZB,5
cg10588135,0.000225316,BCAS3,1,cg13870520,0.000282611,SCARB2,2,cg00164949,0.000359838,C1QL1,3,cg23750206,0.000348868,AFAP1,4,cg17264670,0.000274604,RGS17,5
cg09293816,0.000224952,FCGRT,1,cg18770350,0.000274234,ACTN2,2,cg19593767,0.000323977,TOX2,3,cg27317046,0.000328111,LTBP2,4,cg03338754,0.000261385,F7,5
cg13799919,0.00022437,POLR1D,1,cg06970510,0.000265144,GRASP,2,cg00907288,0.000312149,SRGAP3,3,cg22881914,0.000319429,NID2,4,cg17154724,0.000257523,DNM3,5
cg03306374,0.000217892,PRKCB,1,cg27317046,0.00025015,LTBP2,2,cg17264670,0.000308065,RGS17,3,cg27083087,0.000316952,VGLL4,4,cg12034943,0.000247222,CRTC1,5
cg01158680,0.000190782,MAGI2,1,cg22881914,0.000246819,NID2,2,cg06970510,0.000307201,GRASP,3,cg07198552,0.000316952,CDH4,4,cg07810039,0.000230365,TGFB2,5
cg06304097,0.000183092,TCERG1L,1,cg25774643,0.000235684,SCT,2,cg15323528,0.000285677,CDH23,3,cg25272143,0.000287879,AHNAK,4,cg02792792,0.000218148,CDO1,5
cg12425861,0.000176338,PACS2,1,cg14156405,0.000230365,RGS7,2,cg04918402,0.000283876,LIMD2,3,cg02732252,0.000276144,CLDN6,4,cg19974227,0.000217632,RGS12,5
cg00630958,0.00017451,LEPR,1,cg24319381,0.000220953,CPEB1,2,cg09053680,0.000281646,UTF1,3,cg19053239,0.000274424,KIF5C,4,cg16260298,0.000201079,CAV2,5
cg08862890,0.000172883,DOCK2,1,cg09651145,0.000210316,AFAP1L1,2,cg05374271,0.000281556,RGS2,3,cg26573704,0.000274234,ADAMTS12,4,cg02874376,0.00019911,DLK1,5
cg02792792,0.000160534,CDO1,1,cg08351336,0.000196103,CARTPT,2,cg11814235,0.00027872,DSC3,3,cg12161228,0.00025853,NOX4,4,cg21637392,0.000187237,RNF216,5
cg22784954,7.66E-05,ADAMTS16,1,cg12034943,0.000191971,CRTC1,2,cg09649610,0.000265013,GNG4,3,cg24932457,0.000240022,TNR,4,cg06169131,0.000187237,FGF8,5
cg04842146,3.36E-05,RALYL,1,cg05905176,0.000191675,TNFAIP8L3,2,cg12161228,0.000261209,NOX4,3,cg24182521,0.000239428,PLTP,4,cg19619405,0.000169849,ADAMTS20,5
cg14156405,1.80E-05,RGS7,1,cg11718030,0.000190782,BDNF,2,cg22881914,0.000249649,NID2,3,cg05164933,0.000238478,SFRP2,4,cg09651145,0.000163909,AFAP1L1,5
cg07198552,0,CDH4,1,cg10896862,0.000187764,MPZ,2,cg08481075,0.00024356,COL11A2,3,cg07469637,0.000232227,CDK6,4,cg00840332,0.000154514,LEP,5
cg17154724,0,DNM3,1,cg23165899,0.000169524,ID4,2,cg01537995,0.000241295,FLRT2,3,cg05741937,0.000226818,TXNRD1,4,cg00875805,0.000151091,MAML3,5
cg17264670,0,RGS17,1,cg21739530,0.000129662,GALNT7,2,cg07100000,0.000227458,FGF18,3,cg03306374,0.00022266,PRKCB,4,cg25032595,0.000137552,CLDN10,5
cg26186239,0,EEF1A2,1,cg15873301,0.000128889,SYN2,2,cg18770350,0.00022266,ACTN2,3,cg18759209,0.000211201,BMP7,4,cg14156405,0.00013439,RGS7,5
cg24973993,0,CIT,1,cg20965743,0.000112601,ASPG,2,cg22831607,0.000215967,SFRP5,3,cg26186239,0.000200383,EEF1A2,4,cg26186239,0.000130846,EEF1A2,5
cg03338754,0,F7,1,cg03306374,8.89E-05,PRKCB,2,cg18582992,0.000213985,SHF,3,cg12034943,0.000196403,CRTC1,4,cg26029902,0.0001204,RAB22A,5
cg13476133,0,GCK,1,cg06571407,0,CD40,2,cg07198552,0.000213985,CDH4,3,cg06276663,0.000183684,SH3PXD2A,4,cg15031661,0.000106835,FMN2,5
cg24182521,0,PLTP,1,cg00875805,0,MAML3,2,cg15925365,0.00019838,GSTA4,3,cg07810039,0.000172883,TGFB2,4,cg14284618,3.64E-05,TACC1,5
cg01537995,0,FLRT2,1,cg07469637,0,CDK6,2,cg07113642,0.00019838,CPXM1,3,cg09535960,0.000137824,LOXL2,4,cg15341350,0,SRRM4,5
cg25032595,0,CLDN10,1,cg14284618,0,TACC1,2,cg24319381,0.000196403,CPEB1,3,cg03348397,0.000136632,RGS20,4,cg04918402,0,LIMD2,5
cg06355129,0,NES,1,cg08481075,0,COL11A2,2,cg00044665,0.000190782,CDH5,3,cg05385513,0.00012461,EFEMP1,4,cg19678828,0,CYYR1,5
cg05905176,0,TNFAIP8L3,1,cg09649610,0,GNG4,2,cg27317046,0.000132254,LTBP2,3,cg17080882,5.24E-05,TGFBR3,4,cg11814235,0,DSC3,5
cg22881914,0,NID2,1,cg18582992,0,SHF,2,cg23750206,8.92E-05,AFAP1,3,cg19974227,3.84E-05,RGS12,4,cg19593767,0,TOX2,5
cg10974980,0,LOXL1,1,cg03544320,0,CRMP1,2,cg03306374,6.34E-05,PRKCB,3,cg02745847,2.87E-05,IGF2BP1,4,cg04946749,0,MGAT5B,5
cg08680048,0,ITPKA,1,cg11814235,0,DSC3,2,cg05164933,3.86E-05,SFRP2,3,cg00164949,1.19E-05,C1QL1,4,cg02534363,0,NBEAL2,5
cg13667243,0,ADAM19,1,cg26860604,0,WWP2,2,cg17265829,2.48E-05,FAT4,3,cg14284618,0,TACC1,4,cg22877509,0,RUSC1,5
cg00164949,0,C1QL1,1,cg02534363,0,NBEAL2,2,cg02745847,1.52E-05,IGF2BP1,3,cg11814235,0,DSC3,4,cg23165899,0,ID4,5
cg07783282,0,USP44,1,cg12001304,0,SPHKAP,2,cg06571407,0,CD40,3,cg07581623,0,DPYSL2,4,cg25272143,0,AHNAK,5
cg12161228,0,NOX4,1,cg22877509,0,RUSC1,2,cg21739530,0,GALNT7,3,cg19593767,0,TOX2,4,cg26573704,0,ADAMTS12,5
cg13342435,0,MPPED2,1,cg26029902,0,RAB22A,2,cg19678828,0,CYYR1,3,cg18770350,0,ACTN2,4,cg09211763,0,COL5A2,5
cg07113642,0,CPXM1,1,cg04037038,0,FRZB,2,cg03544320,0,CRMP1,3,cg26405020,0,FES,4,cg11718030,0,BDNF,5
cg05741937,0,TXNRD1,1,cg26573704,0,ADAMTS12,2,cg00840332,0,LEP,3,cg23165899,0,ID4,4,cg13782615,0,STIM1,5
cg15873301,0,SYN2,1,cg22831607,0,SFRP5,2,cg19619405,0,ADAMTS20,3,cg18952796,0,NPTX2,4,cg24319381,0,CPEB1,5
cg01114088,0,CYTL1,1,cg09211763,0,COL5A2,2,cg21514227,0,NOTCH3,3,cg15925365,0,GSTA4,4,cg05164933,0,SFRP2,5
cg13870520,0,SCARB2,1,cg09053680,0,UTF1,2,cg02534363,0,NBEAL2,3,cg09211763,0,COL5A2,4,cg10588135,0,BCAS3,5
cg19974227,0,RGS12,1,cg07810039,0,TGFB2,2,cg12001304,0,SPHKAP,3,cg09743950,0,ITGAM,4,cg09293816,0,FCGRT,5
cg24680586,0,INA,1,cg13391820,0,CCND2,2,cg26405020,0,FES,3,cg13391820,0,CCND2,4,cg03306374,0,PRKCB,5
cg21899596,0,HOPX,1,cg20486569,0,CLDN5,2,cg18952796,0,NPTX2,3,cg17265829,0,FAT4,4,cg06304097,0,TCERG1L,5
cg00489401,0,FLT4,1,cg13782615,0,STIM1,2,cg09743950,0,ITGAM,3,cg24319381,0,CPEB1,4,cg12425861,0,PACS2,5
cg07100000,0,FGF18,1,cg05164933,0,SFRP2,2,cg13391820,0,CCND2,3,cg18081258,0,NDRG2,4,cg08862890,0,DOCK2,5
cg08351336,0,CARTPT,1,cg10588135,0,BCAS3,2,cg06276663,0,SH3PXD2A,3,cg12338417,0,TRIM71,4,cg22784954,0,ADAMTS16,5
cg09651145,0,AFAP1L1,1,cg01158680,0,MAGI2,2,cg18081258,0,NDRG2,3,cg01158680,0,MAGI2,4,cg07198552,0,CDH4,5
cg12290311,0,DAB2,1,cg02792792,0,CDO1,2,cg09293816,0,FCGRT,3,cg00630958,0,LEPR,4,cg01537995,0,FLRT2,5
cg09499849,0,ACVR1,1,cg04842146,0,RALYL,2,cg01158680,0,MAGI2,3,cg08862890,0,DOCK2,4,cg05905176,0,TNFAIP8L3,5
cg27360326,0,PCDH8,1,cg17264670,0,RGS17,2,cg00630958,0,LEPR,3,cg17264670,0,RGS17,4,cg22881914,0,NID2,5
cg20624391,0,BVES,1,cg24973993,0,CIT,2,cg04842146,0,RALYL,3,cg03338754,0,F7,4,cg10974980,0,LOXL1,5
cg05385513,0,EFEMP1,1,cg03338754,0,F7,2,cg14156405,0,RGS7,3,cg01537995,0,FLRT2,4,cg07113642,0,CPXM1,5
cg16260298,0,CAV2,1,cg24182521,0,PLTP,2,cg26186239,0,EEF1A2,3,cg07113642,0,CPXM1,4,cg15873301,0,SYN2,5
cg18877506,0,PDPN,1,cg01537995,0,FLRT2,2,cg13342435,0,MPPED2,3,cg15873301,0,SYN2,4,cg01114088,0,CYTL1,5
cg26841013,0,WNT3A,1,cg08680048,0,ITPKA,2,cg01114088,0,CYTL1,3,cg01114088,0,CYTL1,4,cg00489401,0,FLT4,5
cg04127342,0,PENK,1,cg13667243,0,ADAM19,2,cg19974227,0,RGS12,3,cg24680586,0,INA,4,cg07100000,0,FGF18,5
cg05374271,0,RGS2,1,cg12161228,0,NOX4,2,cg21899596,0,HOPX,3,cg21899596,0,HOPX,4,cg09499849,0,ACVR1,5
cg09535960,0,LOXL2,1,cg13342435,0,MPPED2,2,cg00489401,0,FLT4,3,cg00489401,0,FLT4,4,cg20624391,0,BVES,5
cg24586039,0,RBPMS,1,cg01114088,0,CYTL1,2,cg12290311,0,DAB2,3,cg09499849,0,ACVR1,4,cg05385513,0,EFEMP1,5
cg08076018,0,ANGPTL2,1,cg21899596,0,HOPX,2,cg27360326,0,PCDH8,3,cg20624391,0,BVES,4,cg05374271,0,RGS2,5
cg06169131,0,FGF8,1,cg00489401,0,FLT4,2,cg20624391,0,BVES,3,cg18877506,0,PDPN,4,cg09535960,0,LOXL2,5
cg15323528,0,CDH23,1,cg12290311,0,DAB2,2,cg09535960,0,LOXL2,3,cg04127342,0,PENK,4,cg24586039,0,RBPMS,5
cg18759209,0,BMP7,1,cg09499849,0,ACVR1,2,cg24586039,0,RBPMS,3,cg05374271,0,RGS2,4,cg08076018,0,ANGPTL2,5
cg19053239,0,KIF5C,1,cg20624391,0,BVES,2,cg08076018,0,ANGPTL2,3,cg24586039,0,RBPMS,4,cg15323528,0,CDH23,5
cg02874376,0,DLK1,1,cg08076018,0,ANGPTL2,2,cg02874376,0,DLK1,3,cg02874376,0,DLK1,4,cg19053239,0,KIF5C,5
